Z,A,mass
0,1,939.5654204759348
1,1,938.7830734813572
1,2,1876.1239277295715
1,3,2809.4321181490463
2,3,2809.413526132233
3,3,2823.1490382533207
1,4,3750.597537894952
2,4,3728.401325537765
3,4,3751.2995994109774
1,5,4690.362958631272
2,5,4668.701745133244
3,5,4669.149398843007
4,5,4694.609181949093
1,6,5630.840338939951
2,6,5606.55670872527
3,6,5603.051494946114
4,6,5607.339648148235
5,6,5636.284514905657
1,7,6569.594099328412
2,7,6546.53184418082
3,7,6535.365821551621
4,7,6536.227714172516
5,7,6548.135269691028
2,8,7483.56250162829
3,8,7472.898623008667
4,8,7456.894490562875
5,8,7474.874388135976
6,8,7487.017088162714
2,9,8424.382747217682
3,9,8408.401826673427
4,9,8394.795372156681
5,9,8395.863407459114
6,9,8412.35789237283
2,10,9364.1381702278
3,10,9347.993651374338
4,10,9327.548509947475
5,10,9326.991634828228
6,10,9330.639696413698
7,10,9353.74105102624
3,11,10287.163384426643
4,11,10266.612294860572
5,11,10255.1028338396
6,11,10257.0845232694
7,11,10270.800770201517
8,11,10294.17403912048
3,12,11226.93880568365
4,12,11203.006989613525
5,12,11191.29862665686
6,12,11177.929229005733
7,12,11195.26729640296
8,12,11209.94256308822
3,13,12166.404225703369
4,13,12143.082410655632
5,13,12125.985278865464
6,13,12112.548340756666
7,13,12114.768811862454
8,13,12132.538762774291
9,13,12151.45327681804
4,14,13080.87193585547
5,14,13064.581119332766
6,14,13043.937327119653
7,14,13043.7808506697
8,14,13048.925214779234
9,14,13072.881836537308
4,15,14022.23735606669
5,15,14001.36891484337
6,15,13982.284680711176
7,15,13972.512974353433
8,15,13975.267158111325
9,15,13988.978288346334
10,15,14012.626909716457
4,16,14961.352776492367
5,16,14941.017337125944
6,16,14917.599771004938
7,16,14909.5895458252
8,16,15830.662738923598
9,16,14914.580820043371
10,16,14927.892412896475
5,17,15879.11606247814
6,17,15856.431620406993
7,17,15843.269819257506
8,17,16766.085079296565
9,17,15837.351442000116
10,17,15851.900192224894
11,17,15870.119320770846
5,18,16818.686483307563
6,18,16791.813108531875
7,18,16780.007010419504
8,18,17697.60512959041
9,18,16767.76695528665
10,18,16772.21146016509
11,18,16791.93183490718
5,19,17758.15819650144
6,19,17730.801699515046
7,19,17714.244200888294
8,19,17701.72080294787
9,19,18628.39460322857
10,19,17700.13999877194
11,19,17711.317329981735
12,19,17730.22633982683
5,20,18699.28361632568
6,20,18667.385614253988
7,20,18651.648545824828
8,20,18633.67821935363
9,20,19561.3586871086
10,20,19554.3342185901
11,20,18636.732536351785
12,20,18647.3597420486
5,21,19639.759036770763
6,21,19607.019361778468
7,21,19586.60806525832
8,21,19569.43818377876
9,21,20492.822647308083
10,21,20487.13847654436
11,21,20490.685395568697
12,21,19572.280000890318
13,21,19588.465862246525
6,22,20546.48145543275
7,22,20524.635057181185
8,22,20502.153284939373
9,22,20495.66362886943
10,22,21416.33963916083
11,22,21419.18296342985
12,22,21423.96436923226
13,22,20511.071647938406
14,22,20526.510231191867
6,23,21488.534984309837
7,23,21461.084784605704
8,23,21438.985726030813
9,23,21427.64961885678
10,23,22350.704412650848
11,23,22346.328604484395
12,23,22350.38478255903
13,23,21431.112425826657
14,23,21448.314000461567
7,24,22402.796445832264
8,24,22374.35886237957
9,24,22363.40297339976
10,24,23281.400917653835
11,24,23278.934659403
12,24,23273.418981949984
13,24,23287.30374827465
14,24,22366.603643025308
15,24,22389.87848561994
7,25,23343.33535598388
8,25,23314.681590448403
9,25,23298.68672636893
10,25,24216.811159138662
11,25,24209.48884887402
12,25,24205.65388020242
13,25,24209.9306881976
14,25,23291.17988153363
15,25,23307.5426950985
8,26,24253.50770277828
9,26,24237.521317158127
10,26,24219.327775823676
11,26,25143.479984244164
12,26,25134.126221340284
13,26,25138.130625063142
14,26,25143.19976194184
15,26,24229.819663372225
16,26,24246.52694159318
8,27,25195.01056494431
9,27,25175.474243190423
10,27,25157.39167447437
11,27,26076.31707666692
12,27,26067.24827271287
13,27,26064.63800361081
14,27,26069.45036203075
15,27,26081.175834671085
16,27,25167.831430023984
8,28,26133.914702946186
9,28,26115.23866350208
10,28,26093.13460559833
11,28,27012.34065485452
12,28,26998.3090245122
13,28,26996.478250167904
14,28,26991.83617298709
15,28,27006.18111284252
16,28,26085.908069694317
17,28,26110.1047821943
9,29,27053.47916039367
10,29,27031.728773102237
11,29,27016.0089633958
12,29,27934.21071203903
13,29,27926.615310059413
14,29,27922.9279909717
15,29,27927.87022264017
16,29,27941.7286491061
17,29,27027.35075082087
18,29,27051.29760120581
9,30,27993.78333403148
10,30,27968.103192023053
11,30,27953.297741585026
12,30,28867.43580156325
13,30,28860.4530581587
14,30,28851.88421223976
15,30,28856.116318764463
16,30,28862.257920200045
17,30,27949.49762010779
18,30,27966.893893777
9,31,28933.159739543276
10,31,28907.49876861497
11,31,28888.56320559899
12,31,29804.689125223944
13,31,29792.860567857275
14,31,29784.86223972021
15,31,29783.37073292833
16,31,29788.76874527589
17,31,29800.77672424209
18,31,28887.64228022866
19,31,28910.577528018377
10,32,29844.81022309663
11,32,29826.451428187946
12,32,30738.476478560795
13,32,30728.20601088637
14,32,30715.22768985621
15,32,30715.000503102096
16,32,30713.28984263084
17,32,30725.970673749493
18,32,30737.10502675289
19,32,29829.801058624376
10,33,30785.43576219977
11,33,30763.085492706366
12,33,30744.268251797257
13,33,31662.302099560016
14,33,31650.285154031582
15,33,31644.46213103098
16,33,31644.213623885888
17,33,31649.796141983672
18,33,31661.415186765335
19,33,30746.845824524826
20,33,30770.335311305484
10,34,31723.641279624822
11,34,31702.479596606117
12,34,31679.12280581782
13,34,32599.29596578492
14,34,32582.30190009121
15,34,32577.74488283462
16,34,32572.36189485352
17,34,32577.853498772936
18,34,32583.915291656816
19,34,32601.07332732589
20,34,31685.689415410045
11,35,32640.125286075618
12,35,32617.933370579634
13,35,33533.5639570377
14,35,33519.39620653069
15,35,33508.92987731733
16,35,33504.941476663145
17,35,33504.77415517201
18,35,33510.74039818534
19,35,33522.614793445304
20,35,32607.48386973872
21,35,32629.39354252168
11,36,33579.690784890205
12,36,33554.16784648398
13,36,33539.73807134344
14,36,34452.84566410787
15,36,34445.03074436509
16,36,34434.61764817669
17,36,34435.759781040484
18,36,34435.05024707877
19,36,34447.86460744851
20,36,34458.830622700705
21,36,33549.93793176491
11,37,34518.41607602442
12,37,34493.49326666608
13,37,34475.091353826894
14,37,35390.2043788743
15,37,35377.77987859423
16,37,35369.87946539124
17,37,35365.014339693385
18,37,35365.828212172506
19,37,35371.975690404375
20,37,35383.639821363584
21,37,34469.06179250195
22,37,34490.45169157575
11,38,35458.68112690992
12,38,35430.8499461179
13,38,35413.245639076325
14,38,36324.0996951721
15,38,36313.64842914987
16,38,36301.408778285455
17,38,36298.47187798189
18,38,36293.55516707214
19,38,36299.46923430632
20,38,36306.21149015247
21,38,36324.0205181734
22,38,35408.14570886559
11,39,36398.24662572451
12,39,36371.04513494572
13,39,36349.75956321139
14,39,36330.59034607775
15,39,37246.98946081352
16,39,37236.60142461095
17,39,37229.96387801685
18,39,37226.52190111809
19,39,37225.95690133962
20,39,37232.48138986769
21,39,37245.59137013727
22,39,36330.77012443952
23,39,36350.8400963702
12,40,37309.31399396975
13,40,37288.58452421456
14,40,37265.43097239849
15,40,38183.11900949619
16,40,38168.420349268046
17,40,38163.70038015916
18,40,38156.21829913183
19,40,38157.72270212422
20,40,38156.411796501474
21,40,38170.73484570524
22,40,38182.26475954222
23,40,37272.23400823483
12,41,38249.35828075298
13,41,38225.84830110207
14,41,38204.45840202826
15,41,39117.77253404853
16,41,39103.74372147588
17,41,39095.445109448
18,41,39089.68479183589
19,41,39087.192752725234
20,41,39087.61439249674
21,41,39094.10994119837
22,41,39107.054762906126
23,41,38191.56838663902
24,41,38211.66816638098
13,42,39164.74219266882
14,42,39139.59185190356
15,42,39123.84414301727
16,42,40036.60865625735
17,42,40029.41463415497
18,42,40019.82372589353
19,42,40019.22437278023
20,42,40015.69911006228
21,42,40022.125400314406
22,42,40029.14205010429
23,42,40046.62678217943
24,42,39129.81209532228
13,43,40102.51642832446
14,43,40078.57609839824
15,43,40059.286718525385
16,43,40973.54504557016
17,43,40961.58099586583
18,43,40953.73069518256
19,43,40949.1651119062
20,43,40947.33163343453
21,43,40949.55235636044
22,43,40956.4249151906
23,43,40967.82414878846
24,43,40983.77039632773
25,43,40071.61597446498
14,44,41015.05089978101
15,44,40996.85043651388
16,44,41908.03037209542
17,44,41896.755634547335
18,44,41884.56134837721
19,44,41881.45311091144
20,44,41875.7658783266
21,44,41879.41857316374
22,44,41879.68602188744
23,44,41893.42652958345
24,44,41903.81271024977
25,44,40993.20084262061
14,45,41954.32484094154
15,45,41933.19482872231
16,45,42845.38837333737
17,45,42830.46616663407
18,45,42818.95790910347
19,45,42812.11306688032
20,45,42807.916480088745
21,45,42807.65638923695
22,45,42809.718444251936
23,45,42816.84226895876
24,45,42829.213909743
25,45,42843.74894371711
26,45,41931.64202805358
15,46,42871.56894657991
16,46,42849.368647637
17,46,43766.48786413508
18,46,43750.45155788298
19,46,43744.80888331854
20,46,43737.08320350525
21,46,43738.46117018291
22,46,43736.094543609775
23,46,43743.14691619848
24,46,43750.75124282309
25,46,43767.80506572646
26,46,42849.93872202768
15,47,43809.03299469944
16,47,43787.42326301747
17,47,44702.13649917956
18,47,44686.349641459135
19,47,44676.004933704746
20,47,44669.37225044136
21,47,44667.38007331946
22,47,44666.77930340362
23,47,44669.70984625992
24,47,44677.15382269527
25,47,44689.15053989777
26,47,44704.58726016303
27,47,43790.84277786744
16,48,44724.10671907917
17,48,45638.93080303946
18,48,45620.85609147616
19,48,45610.92653573931
20,48,45598.98615064265
21,48,45598.70693435396
22,48,45594.71806608974
23,48,45598.73301339435
24,48,45600.389704531815
25,48,45613.91437386636
26,48,45625.202442958034
27,48,44713.44670057111
28,48,44729.89502343159
16,49,45663.60235583608
17,49,45643.95062475739
18,49,46557.64480637144
19,49,46545.09362475643
20,49,46533.40511752806
21,49,46528.142673267255
22,49,46526.14110854779
23,49,46526.74296365426
24,49,46529.37276805064
25,49,46537.08519456583
26,49,46549.95439106189
27,49,46564.925364275936
28,49,45651.740709935904
17,50,46582.40485110779
18,50,47492.969212537726
19,50,47480.47137013801
20,50,47466.60999269876
21,50,47461.66210281841
22,50,47454.76735579873
23,50,47456.97598327371
24,50,47455.9378591784
25,50,47463.57233640412
26,50,47471.7227635557
27,50,47488.609820138416
28,50,47502.73965417798
17,51,47520.489274299536
18,51,48431.20360627996
19,51,48415.17786875996
20,51,48401.36101580731
21,51,48394.44297212013
22,51,48387.96036000859
23,51,48385.49022022183
24,51,48386.24261036421
25,51,48389.45010038957
26,51,48397.504140257406
27,51,48410.35117930325
28,51,48426.04312895257
17,52,48460.05291012592
18,52,49367.80788534297
19,52,49352.04979961238
20,52,49334.92115630822
21,52,49328.66386703109
22,52,49319.70973000106
23,52,49317.7443957447
24,52,49313.767920078026
25,52,49318.47604151343
26,52,49320.85533268038
27,52,49334.843449207205
28,52,49346.6275724422
29,52,49367.30767300997
18,53,49375.97802011527
19,53,50288.38580837389
20,53,50271.29382308864
21,53,50261.911975637566
22,53,50253.800097437925
23,53,50248.82985542509
24,53,50245.39391274513
25,53,50245.99118024314
26,53,50249.73404650388
27,53,50258.02215407276
28,53,50271.05070312791
29,53,50287.5418747171
18,54,50313.24179700278
19,54,51227.02540205067
20,54,51207.01504574255
21,54,51197.73769888885
22,54,51186.43182056144
23,54,51182.2773652481
24,54,51175.24025332728
25,54,51176.61738631771
26,54,51175.92101716215
27,54,51184.16556527231
28,54,51192.89732112632
29,54,51210.93570441962
30,54,51226.47395754204
19,55,51232.646037464656
20,55,52145.01936044149
21,55,52132.82762749669
22,55,52121.83726671463
23,55,52114.544599386805
24,55,52108.55941164641
25,55,52105.957192516384
26,55,52106.18831297009
27,55,52109.63973894502
28,55,52118.33377394535
29,55,52132.03433265378
30,55,52149.40017720516
19,56,52171.64984533549
20,56,53081.653447315766
21,56,53069.64798897261
22,56,53055.74084163914
23,56,53048.9804365619
24,56,53039.8787098803
25,56,53038.25217120693
26,56,53034.55667421579
27,56,53039.12331939541
28,56,53041.25618845505
29,56,53056.534104811246
30,56,53069.774103027645
31,56,53091.32421908706
19,57,53109.29367181679
20,57,54020.09835872515
21,57,54005.27828755569
22,57,53992.25609129032
23,57,53982.22287702677
24,57,53974.13295507461
25,57,53969.17166099413
26,57,53966.4759226507
27,57,53967.31228232895
28,57,53970.573978790606
29,57,53979.34892523166
30,57,53994.1078102795
31,57,54011.24823325808
19,58,54048.58810584757
20,58,54956.62159780124
21,58,54942.672473617546
22,58,54927.23437380952
23,58,54917.72145861779
24,58,54906.16023446954
25,58,54902.32447402796
26,58,54895.99677124863
27,58,54898.30475002159
28,58,54897.92317091449
29,58,54906.48419135147
30,58,54915.85317114301
31,58,54934.612255149324
32,58,54950.57247510015
19,59,54986.90167658852
20,59,54963.961771328286
21,59,55878.81659459396
22,59,55863.7664443812
23,59,55852.03552715784
24,59,55841.53021398479
25,59,55834.12081647352
26,59,55828.98118691563
27,59,55827.416306631385
28,59,55828.48931145485
29,59,55833.2876900113
30,59,55842.430465775
31,59,55855.88600427476
32,59,55873.27606767278
20,60,55900.6461588841
21,60,56816.58989875549
22,60,56799.04054986595
23,60,56788.05284570508
24,60,56774.231747002304
25,60,56768.172301483566
26,60,56759.72707321547
27,60,56759.48980955816
28,60,56756.66700330974
29,60,56762.79498443856
30,60,56766.96577722695
31,60,56781.54988510487
32,60,56793.60993924886
33,60,56815.50005065566
20,61,56840.150179087934
21,61,56821.6404597788
22,61,57736.26427250706
23,61,57722.45722818732
24,61,57710.137847016704
25,61,57700.892219400186
26,61,57693.71384639873
27,61,57689.73617096765
28,61,57688.41232037137
29,61,57690.65028711609
30,61,57696.28544359164
31,61,57705.49968730885
32,61,57718.84440129776
33,61,57735.434311261815
21,62,57759.94471557872
22,62,58671.92867402073
23,62,58658.91528782659
24,62,58643.27584091085
25,62,58635.60448769661
26,62,58625.25039513913
27,62,58622.70405261433
28,62,58617.38201229234
29,62,58621.340908802325
30,62,58622.96036346305
31,62,58632.14143015482
32,62,58641.98859058084
33,62,58659.70840289113
21,63,58697.19824603111
22,63,59609.76252529893
23,63,59593.88241384092
24,63,59579.44425525345
25,63,59568.735493522
26,63,59559.98692513095
27,63,59553.77100164392
28,63,59550.10966254152
29,63,59550.04268625256
30,63,59553.40912550007
31,63,59559.07545442575
32,63,59568.701333770274
33,63,59582.12230079791
34,63,59598.77275787861
22,64,60545.63651298564
23,64,60530.79688044003
24,64,60513.47667909969
25,64,60504.12761651505
26,64,60492.14710451545
27,64,60487.32421462319
28,64,60480.01762332152
29,64,60481.6922382685
30,64,60481.11263935062
31,64,60488.28383053255
32,64,60492.80115403095
33,64,60507.5840474078
34,64,60520.25702467118
22,65,60552.3265036292
23,65,61466.50040470599
24,65,61450.30079077085
25,65,61437.64341510221
26,65,61427.39285718272
27,65,61419.42555338822
28,65,61413.48496279098
29,65,61411.34708229308
30,65,61412.69873426234
31,65,61415.95327219184
32,65,61422.13253579696
33,65,61431.67370320483
34,65,61445.59115658904
35,65,61462.12051943644
23,66,62403.805167334016
24,66,62384.96476761853
25,66,62373.35446956648
26,66,62360.03701482099
27,66,62353.69632049343
28,66,62344.09856854482
29,66,62343.8465723768
30,66,62341.20563289991
31,66,62346.38113243269
32,66,62348.49782050827
33,66,62358.07977804288
34,66,62368.44471971216
35,66,62386.535266675215
23,67,63339.85520740608
24,67,63322.32914586911
25,67,63308.01860197367
26,67,63295.8905487602
27,67,63286.277180312965
28,67,63277.85627615037
29,67,63274.27941052214
30,67,63273.71858773088
31,67,63274.719807892834
32,67,63278.925245741375
33,67,63285.011731602426
34,67,63295.01867028034
35,67,63309.0693273212
36,67,63326.04767032596
24,68,64257.40298012184
25,68,64244.17296938521
26,68,64229.19640720655
27,68,64221.45047577999
28,68,64209.62924368293
29,68,64207.52602314908
30,68,64203.08591212832
31,68,64206.007011497415
32,68,64206.11426745435
33,68,64214.19853896329
34,68,64218.90361720745
35,68,64234.30192638189
36,68,64247.46673253136
24,69,65194.957383169305
25,69,65179.22724226179
26,69,65165.38803438219
27,69,65154.20172170625
28,69,65144.608512654384
29,69,65138.85094760735
30,69,65136.16926271543
31,69,65135.25934946839
32,69,65137.48649504612
33,69,65141.47498698673
34,69,65148.15245462357
35,69,65158.32769099844
36,69,65172.4468966903
24,70,66130.4410748271
25,70,66115.63125009279
26,70,66099.19131067922
27,70,66089.55630828146
28,70,66076.86740246891
29,70,66073.10489099757
30,70,66066.5165235661
31,70,66067.17112080014
32,70,66065.51923524075
33,70,66071.74729795891
34,70,66074.15137152647
35,70,66084.6556442206
36,70,66094.98095733629
25,71,67050.95565625906
26,71,67035.64561919174
27,71,67023.2054437289
28,71,67012.16913793173
29,71,67004.86423915485
30,71,67000.24658722116
31,71,66997.43624715832
32,71,66997.66871641549
33,71,66999.68211669901
34,71,67004.42885881138
35,71,67011.07294728857
36,71,67021.24816223908
37,71,67035.2851309741
25,72,67987.89993066946
26,72,67969.81963014153
27,72,67958.76931560456
28,72,67944.84340797988
29,72,67939.2864699956
30,72,67930.92398169114
31,72,67930.48119224358
32,72,67926.48356607182
33,72,67930.83966750247
34,72,67931.20128748544
35,72,67940.0077258791
36,72,67945.12889415536
37,72,67960.73942563117
25,73,68923.86334178998
26,73,68906.57387975501
27,73,68892.59401626595
28,73,68880.45541947075
29,73,68871.57613358079
30,73,68864.97016743125
31,73,68860.8642345772
32,73,68859.26604592684
33,73,68859.61082170195
34,73,68862.33618248934
35,73,68866.91779212172
36,73,68874.01182019518
37,73,68884.55196752171
38,73,68898.61333115576
26,74,69841.39807358832
27,74,69828.51737314009
28,74,69813.35730662325
29,74,69806.05146796882
30,74,69796.30096030235
31,74,69794.00805496695
32,74,69788.63522958652
33,74,69791.19761709722
34,74,69789.84447007993
35,74,69796.76951953425
36,74,69799.72583683238
37,74,69810.14166509299
38,74,69821.23029477688
26,75,70778.85187527271
27,75,70762.99132519086
28,75,70749.31140280276
29,75,70739.0815641066
30,75,70730.9928670692
31,75,70725.09114399487
32,75,70721.69481030712
33,75,70720.51758060853
34,75,70721.38229403575
35,75,70724.4447634703
36,75,70729.22815149216
37,75,70736.33308177261
38,75,70746.93308132117
39,75,70761.7319451644
26,76,71714.45572966973
27,76,71699.38601808083
28,76,71682.85572373933
29,76,71674.06425818187
30,76,71662.7428620942
31,76,71658.74923762109
32,76,71651.83298799154
33,76,71652.75450206615
34,76,71649.79392597699
35,76,71654.75680732343
36,76,71656.03218017214
37,76,71664.56679740878
38,76,71670.79824051906
39,76,71686.79594379256
27,77,72634.6303157543
28,77,72619.18986951263
29,77,72607.67716037172
30,77,72597.75078475574
31,77,72590.54763587414
32,77,72585.3271181629
33,77,72582.62365400737
34,77,72581.9404915752
35,77,72583.30517048949
36,77,72586.37053687067
37,77,72591.7094884681
38,77,72598.73654491008
39,77,72610.10128155535
40,77,72624.93998260685
27,78,73572.71380745195
28,78,73553.15429428939
29,78,73543.24461663669
30,78,73530.55084842493
31,78,73524.33000478605
32,78,73516.17203253225
33,78,73515.2171206681
34,78,73511.00813941598
35,78,73514.58192273024
36,78,73513.855807242
37,78,73521.0986629227
38,78,73524.86014136708
39,78,73535.86110627801
40,78,73547.184348587
28,79,74491.36819516137
29,79,74477.1201545202
30,79,74466.0958910788
31,79,74456.9798380179
32,79,74450.00101340904
33,79,74445.8921118833
34,79,74443.61072726696
35,79,74443.46012516347
36,79,74445.08590373765
37,79,74448.72541513875
38,79,74454.04852854194
39,79,74461.72525834014
40,79,74472.75787448917
41,79,74487.87788675961
28,80,75427.78244942748
29,80,75414.3428525178
30,80,75399.37367615588
31,80,75391.79862080194
32,80,75381.4869810882
33,80,75378.80769386211
34,80,75373.26280848002
35,80,75375.13327006204
36,80,75373.12884006673
37,80,75378.8468184774
38,80,75380.71082759976
39,80,75389.87413256199
40,80,75396.2625519899
41,80,75412.60189004039
28,81,76366.42670057478
29,81,76350.60620473934
30,81,76336.316728446
31,81,76324.88843595813
32,81,76316.22470246095
33,81,76309.98308370911
34,81,76306.12737904729
35,81,76304.53934740863
36,81,76304.82019846948
37,81,76307.05969379602
38,81,76310.9882636525
39,81,76316.80347886954
40,81,76324.99197991105
41,81,76336.15593672854
42,81,76351.0561163908
28,82,77303.29086649236
29,82,77288.28077052602
30,82,77271.69653988151
31,82,77261.07977437059
32,82,77248.59542466294
33,82,77243.90507240905
34,82,77236.4166050209
35,82,77236.51182327954
36,82,77233.41870552796
37,82,77237.82268791654
38,82,77238.00043748415
39,82,77245.94640261175
40,82,77250.39643683918
41,82,77262.20079864653
42,82,77273.64047771832
29,83,78225.11419713822
30,83,78209.21452430404
31,83,78196.24747435252
32,83,78184.5281607512
33,83,78175.83527148863
34,83,78170.16405967086
35,83,78166.49088127841
36,83,78165.51395914011
37,83,78166.43396326278
38,83,78168.70698678803
39,83,78173.298930416
40,83,78179.59294291663
41,83,78187.89169280561
42,83,78199.16463443308
43,83,78214.18497683454
29,84,79163.27872882276
30,84,79145.16862048357
31,84,79132.90456913115
32,84,79118.85026994834
33,84,79111.14513703197
34,84,79101.05097417781
35,84,79099.21561036207
36,84,79094.55936018178
37,84,79097.23973066098
38,84,79096.34912449219
39,84,79103.10426569627
40,84,79105.57701273503
41,84,79115.80486269126
42,84,79122.8285974253
43,84,79139.29834465013
30,85,80083.39276779068
31,85,80068.74874900658
32,85,80055.36938064257
33,85,80045.30365537186
34,85,80036.07916242503
35,85,80029.91732893753
36,85,80027.01246644215
37,85,80026.32546722301
38,85,80027.38951755641
39,85,80030.65067654598
40,85,80035.31761103815
41,85,80042.21312374598
42,85,80050.98304757084
43,85,80062.64280516523
44,85,80077.86248730462
30,86,81019.9253218078
31,86,81006.22676953765
32,86,80990.58698355807
33,86,80981.02476065751
34,86,80969.48373502739
35,86,80964.35464905124
36,86,80956.72123436222
37,86,80957.23990734342
38,86,80955.46381051994
39,86,80960.70380975035
40,86,80962.01788617903
41,86,80970.8528487851
42,86,80975.87598289606
43,86,80988.41660229943
44,86,81000.21676958886
31,87,81942.61121599248
32,87,81927.89081469199
33,87,81915.86309829725
34,87,81905.05487907749
35,87,81897.58932644427
36,87,81890.77148171469
37,87,81886.88321108755
38,87,81886.60093627522
39,87,81888.46262547428
40,87,81892.13386542752
41,87,81897.60651903092
42,87,81904.59619461457
43,87,81913.7909607901
44,87,81925.75117273873
31,88,82880.58479138603
32,88,82863.45554633669
33,88,82852.52539453893
34,88,82839.09091153188
35,88,82832.25914748592
36,88,82823.28381896506
37,88,82820.36611023449
38,88,82815.0534854549
39,88,82818.67608558058
40,88,82819.34624062911
41,88,82826.80355978597
42,88,82830.28856146583
43,88,82841.30481312648
44,88,82848.63547516723
45,88,82866.1149619991
32,89,83801.42912173025
33,89,83787.93922413905
34,89,83775.47681856947
35,89,83766.19494558593
36,89,83757.93342285872
37,89,83752.75681857395
38,89,83748.2601910115
39,89,83746.75801518427
40,89,83749.59124298871
41,89,83753.84346233406
42,89,83759.45427327974
43,89,83767.07436078458
44,89,83776.09979344171
45,89,83788.81855457173
32,90,84737.49313421386
33,90,84724.97292198327
34,90,84710.16309724894
35,90,84701.96301307825
36,90,84691.00406041433
37,90,84686.5977467941
38,90,84680.01237504766
39,90,84679.46640679287
40,90,84677.19077228961
41,90,84683.30178904784
42,90,84685.7908055626
43,90,84695.23862328898
44,90,84701.07951886693
45,90,84714.32967036904
46,90,84726.25372637408
33,91,85660.95775746816
34,91,85646.87729261603
35,91,85636.35012100237
36,91,85626.48344856939
37,91,85619.7123732272
38,91,85613.80547197715
39,91,85611.10610080672
40,91,85609.56182982949
41,91,85610.81939437395
42,91,85615.24858735234
43,91,85621.47076489076
44,91,85629.21758962017
45,91,85638.8878676996
46,91,85651.28791719097
33,92,86598.5717761382
34,92,86582.22778061718
35,92,86572.71871156458
36,92,86560.18219539273
37,92,86554.17907452788
38,92,86546.08415324688
39,92,86544.13502978238
40,92,86540.49250034039
41,92,86542.49823442746
42,92,86542.14293742646
43,92,86550.02582177344
44,92,86554.65031366832
45,92,86565.95242875956
46,92,86574.17242920565
47,92,86591.42162740804
34,93,87519.58563840904
35,93,87507.55539207632
36,93,87496.30962399482
37,93,87487.82572661205
38,93,87480.3597827513
39,93,87476.21847175124
40,93,87473.3235995301
41,93,87473.23278723855
42,93,87473.63854793255
43,93,87476.83951097874
44,93,87483.22890381799
45,93,87491.43381685409
46,93,87501.463817463
47,93,87514.04604298197
34,94,88455.1363976422
35,94,88444.29008031366
36,94,88430.59194907884
37,94,88423.37693761986
38,94,88413.09400841733
39,94,88409.58825677485
40,94,88404.67039733287
41,94,88405.57066588999
42,94,88403.52564976513
43,94,88407.78139761015
44,94,88409.35612658154
45,94,88419.03210540487
46,94,88425.83744855209
47,94,88439.53759740312
48,94,88451.49984466637
34,95,89392.97397489681
35,95,89379.58374717456
36,95,89367.2749114487
37,95,89357.54352456165
38,95,89348.31654732006
39,95,89342.22589395441
40,95,89337.77389147994
41,95,89336.6475604821
42,95,89335.72195901137
43,95,89337.41247642567
44,95,89339.97607301574
45,95,89345.0932153745
46,95,89353.46791836112
47,95,89363.5275833312
48,95,89376.37754447405
35,96,90316.71804638184
36,96,90301.84625213937
37,96,90293.57358315376
38,96,90282.00968654892
39,96,90276.59794800234
40,96,90269.48907377588
41,96,90269.32510380053
42,96,90266.13304490644
43,96,90269.1062855894
44,96,90268.84754913006
45,96,90275.24020219866
46,96,90278.74451468274
47,96,90290.41628855107
48,96,90299.3559278069
49,96,90316.83820912104
35,97,91252.4215706478
36,97,91238.99853756628
37,97,91227.9028918688
38,97,91217.84136204752
39,97,91210.30658170408
40,97,91203.4853435415
41,97,91200.81923975144
42,97,91198.87733629774
43,97,91199.19759980554
44,97,91200.3014724806
45,97,91203.82447259936
46,97,91208.61618352104
47,97,91215.5180098959
48,97,91225.68800941092
49,97,91239.03227441966
35,98,92189.8660573912
36,98,92173.79592113628
37,98,92163.54698681104
38,98,92151.49375027236
39,98,92145.62739137164
40,98,92136.63438122971
41,98,92134.39152693543
42,98,92129.80015897084
43,98,92131.48392491588
44,98,92129.69126731026
45,98,92134.74092012682
46,98,92136.5951532186
47,98,92144.84971395886
48,98,92150.27971444732
49,98,92164.0096440963
36,99,93111.0103288364
37,99,93098.28909086356
38,99,93086.89171466492
39,99,93078.76651051066
40,99,93071.79357108154
41,99,93067.07489768096
42,99,93063.44013503676
43,99,93062.0823724662
44,99,93061.78485604437
45,99,93063.82571956851
46,99,93067.22737953954
47,99,93072.69775843435
48,99,93079.479109088
49,99,93088.03409530615
50,99,93101.43363796944
36,100,94046.43440487164
37,100,94034.63845911348
38,100,94021.08683886006
39,100,94013.58310242058
40,100,94004.53160748996
41,100,94001.1130977221
42,100,93994.7113150798
43,100,93994.88339277984
44,100,93991.67695254833
45,100,93995.31321396652
46,100,93995.69167163689
47,100,94002.7663740022
48,100,94006.70974809446
49,100,94016.72619732717
50,100,94023.75619729052
36,101,94983.81834449836
37,101,94969.83102905646
38,101,94957.0735317442
39,101,94947.34365946658
40,101,94939.237459655
41,101,94933.5069582376
42,101,94928.87849445188
43,101,94926.05385316006
44,101,94924.44033304827
45,101,94924.98601812888
46,101,94926.96630100255
47,101,94931.06406185884
48,101,94936.5619803768
49,101,94943.8535448156
50,101,94952.09282160064
37,102,95906.640236822
38,102,95891.7332376914
39,102,95882.71990700564
40,102,95872.31112177194
41,102,95867.59428341471
42,102,95860.33168285356
43,102,95859.3196275522
44,102,95854.7861137548
45,102,95857.1092321014
46,102,95855.98958550525
47,102,95861.64584684266
48,102,95864.23284722204
49,102,95873.19765265404
50,102,95878.95765262668
51,102,95892.79264549549
37,103,96842.22639283106
38,103,96828.10680522662
39,103,96816.92961746691
40,103,96807.57765700412
41,103,96800.35798341715
42,103,96794.4323190814
43,103,96790.78273077712
44,103,96788.11948294796
45,103,96787.354945191
46,103,96787.92967053172
47,103,96790.58394807266
48,103,96794.73502485688
49,103,96800.75425404924
50,103,96808.2939256682
51,103,96818.71641318015
37,104,97779.43055409602
38,104,97763.1210238568
39,104,97752.80100069613
40,104,97741.16309315887
41,104,97735.0697570902
42,104,97726.53700563626
43,104,97724.38178444414
44,104,97718.78498969022
45,104,97719.92140970068
46,104,97717.48563086837
47,104,97721.76428322188
48,104,97722.91236181252
49,104,97730.69807828368
50,104,97735.25369643614
51,104,97747.5855652167
52,104,97757.25392255526
38,105,98700.18452951228
39,105,98687.80497289116
40,105,98676.916581837
41,105,98668.45930935016
42,105,98661.0440685764
43,105,98656.08855255382
44,105,98652.44031305298
45,105,98650.5235860219
46,105,98649.95695070742
47,105,98651.30400761629
48,105,98654.04100649098
49,105,98658.73427338994
50,105,98665.0368547048
51,105,98674.35936505006
52,105,98685.5633472376
38,106,99635.56855130114
39,106,99624.0785715478
40,106,99611.119625595
41,106,99603.66628019196
42,106,99593.74095530131
43,106,99590.09270555404
44,106,99583.54570577569
45,106,99583.50630171214
46,106,99579.96141520794
47,106,99582.92655841268
48,106,99582.73680561208
49,106,99589.26080866404
50,106,99592.51526089608
51,106,99603.39565693637
52,106,99611.6491995536
53,106,99626.56938677769
38,107,100573.11270791347
39,107,100559.39273127896
40,107,100547.3429235701
41,107,100537.6392560846
42,107,100528.81808611169
43,107,100522.61309370796
44,107,100517.50049517745
45,107,100514.49934972562
46,107,100512.99040659372
47,107,100512.95636141578
48,107,100514.37273545828
49,107,100517.796393594
50,107,100522.85082218082
51,107,100530.70981184108
52,107,100540.70602809038
53,107,100551.9333265068
39,108,101496.0771188348
40,108,101481.9072305488
41,108,101473.31196559414
42,108,101462.10786510684
43,108,101456.9343328896
44,108,101449.19575933497
45,108,101447.82600750378
46,108,101443.33294756376
47,108,101445.25037135243
48,108,101443.60474077596
49,108,101448.73733475887
50,108,101450.78721421446
51,108,101460.41182206952
52,108,101467.07548682675
53,108,101480.0861595786
54,108,101490.22480686512
39,109,102431.8709980287
40,109,102418.6214259159
41,109,102407.66146630688
42,109,102397.69198114384
43,109,102390.0684368644
44,109,102383.612810137
45,109,102379.35201452544
46,109,102376.74478209416
47,109,102375.63183480356
48,109,102375.8469344902
49,109,102377.86173946684
50,109,102381.7210853391
51,109,102388.1002792494
52,109,102396.63586617142
53,109,102406.67876052168
54,109,102418.18171878232
40,110,103353.62539811096
41,110,103343.53545399358
42,110,103331.3095529136
43,110,103324.81080452973
44,110,103315.77273894956
45,110,103313.01667518508
46,110,103307.51446341084
47,110,103308.3880614288
48,110,103305.49739862952
49,110,103309.37539860266
50,110,103310.00337559824
51,110,103318.39562327629
52,110,103323.61554762578
53,110,103335.377523657
54,110,103343.9227310501
40,111,104290.8593671872
41,111,104278.37920920302
42,111,104267.39965654702
43,111,104258.31479456616
44,111,104250.55414460128
45,111,104245.03559907792
46,111,104241.35358360093
47,111,104239.12402359048
48,111,104238.08722314828
49,111,104238.9474206921
50,111,104241.40088952892
51,111,104246.5027237136
52,111,104253.75198341624
53,111,104262.38567529712
54,111,104272.81912090568
55,111,104284.43950983336
40,112,105226.41385239678
41,112,105214.76365565784
42,112,105201.35386655944
43,112,105193.5746407392
44,112,105183.20269982322
45,112,105179.10252080824
46,112,105172.51253350852
47,112,105172.2498437882
48,112,105168.25871571928
49,112,105170.84344604754
50,112,105170.17852320138
51,112,105177.23459941064
52,112,105181.26605465372
53,112,105191.77023419846
54,112,105198.80722502504
55,112,105212.41908500204
40,113,106163.9878168204
41,113,106150.11786963542
42,113,106137.67776589762
43,113,106127.51612654218
44,113,106118.45985863576
45,113,106111.5607317308
46,113,106106.73717582024
47,113,106103.30085029622
48,113,106101.28438912307
49,113,106100.9605514724
50,113,106101.9995455832
51,113,106105.91070954088
52,113,106111.98063809425
53,113,106119.20815858751
54,113,106128.12404846972
55,113,106138.56313613808
56,113,106150.6180819684
41,114,107086.86187281378
42,114,107072.14147151329
43,114,107063.22148398851
44,114,107051.60056410923
45,114,107046.11150223724
46,114,107038.33143062032
47,114,107036.89096720883
48,114,107031.80684352152
49,114,107033.25196999247
50,114,107031.26204242885
51,114,107037.3251608288
52,114,107039.93210077097
53,114,107049.18284322158
54,114,107054.73587917708
55,114,107067.13584949145
56,114,107075.91634111688
41,115,108022.4359193995
42,115,108008.76624344652
43,115,107997.51938365395
44,115,107987.2105840657
45,115,107979.0866514009
46,115,107972.89005827947
47,115,107968.3332934578
48,115,107965.23140039836
49,115,107963.77952338965
50,115,107963.28203381391
51,115,107966.31246823476
52,115,107971.253112954
53,115,107976.97807570743
54,115,107984.65912298084
55,115,107993.61642336485
56,115,108004.395673118
41,116,108959.57953354782
42,116,108943.59975222083
43,116,108933.596437055
44,116,108920.7410648629
45,116,108914.07423954616
46,116,108904.97895600928
47,116,108902.26731799304
48,116,108896.09749321762
49,116,108896.56022409092
50,116,108893.2840037732
51,116,108897.98796236148
52,116,108899.54618991484
53,116,108907.38932833997
54,116,108911.7631048712
55,116,108922.7678181144
56,116,108930.43028860088
57,116,108944.76039387244
42,117,109880.61482018302
43,117,109868.1644700101
44,117,109856.81421437216
45,117,109847.40732649664
46,117,109839.88019558277
47,117,109834.12216665166
48,117,109829.88568769363
49,117,109827.36104991291
50,117,109825.90634209364
51,117,109827.66452137656
52,117,109831.20858443996
53,117,109835.86551654848
54,117,109842.11873799084
55,117,109849.81098368632
56,117,109858.84617840164
57,117,109870.03304717956
42,118,110815.42783608708
43,118,110804.50793072445
44,118,110790.79820052504
45,118,110782.9113480132
46,118,110772.40982974714
47,118,110768.24438466638
48,118,110761.09653858966
49,118,110760.57001061676
50,118,110756.14534376822
51,118,110759.80198348287
52,118,110760.107429714
53,118,110766.82713129344
54,118,110769.71912054037
55,118,110779.388810847
56,118,110785.59860044536
57,118,110798.17842829852
42,119,111752.71210584484
43,119,111739.12253838468
44,119,111727.21245479118
45,119,111716.46948766478
46,119,111707.8850122063
47,119,111700.64653082192
48,119,111695.3153506798
49,119,111691.59363119818
50,119,111689.22730456614
51,119,111689.81675030816
52,119,111692.10975065596
53,119,111695.51455814554
54,119,111700.49780102156
55,119,111706.98722794396
56,119,111714.70219371207
57,119,111724.27265940394
58,119,111735.4720129973
43,120,112675.78643307024
44,120,112661.06603176976
45,120,112652.16653711523
46,120,112640.50678790428
47,120,112635.13488004552
48,120,112626.8290265825
49,120,112625.05865124732
50,120,112619.68865108848
51,120,112622.3692591732
52,120,112621.424231393
53,120,112627.03923126764
54,120,112628.61395744456
55,120,112636.89774381228
56,120,112641.89774333572
57,120,112653.21633096867
58,120,112661.05671682872
43,121,113610.74010458376
44,121,113597.66006439764
45,121,113586.03036052894
46,121,113576.09815748585
47,121,113567.8776633479
48,121,113561.20665748564
49,121,113556.44590104448
50,121,113553.08386869555
51,121,113552.6813374916
52,121,113553.73738353346
53,121,113556.034845738
54,121,113559.7994977828
55,121,113565.17815245334
56,121,113571.53564720854
57,121,113580.09022263782
58,121,113589.59053098835
59,121,113600.72933746508
43,122,114547.4692038565
44,122,114531.99429233302
45,122,114521.89503327465
46,122,114509.15842844358
47,122,114502.668478953
48,122,114493.16221276615
49,122,114490.2032360524
50,122,114483.83464440794
51,122,114485.44039213296
52,122,114483.4613146126
53,122,114487.69531486485
54,122,114488.4196083506
55,122,114495.62982820392
56,122,114499.16564568154
57,122,114509.23137095229
58,122,114515.90086872556
59,122,114528.99488132323
44,123,115468.71873413524
45,123,115456.07835916545
46,123,115444.83895132568
47,123,115435.70011857653
48,123,115427.8545163495
49,123,115421.83966517942
50,123,115417.45401675584
51,123,115416.04580912217
52,123,115416.09772128848
53,123,115417.32611143764
54,123,115420.020441362
55,123,115424.22504272884
56,123,115429.61373611132
57,123,115436.61758437776
58,123,115444.98240141748
59,123,115455.03881174716
44,124,116403.17312480988
45,124,116392.0529482152
46,124,116378.362779392
47,124,116370.53285141624
48,124,116360.06336536937
49,124,116355.89502334196
50,124,116348.53132586284
51,124,116349.14373293448
52,124,116346.23865992142
53,124,116349.39824693109
54,124,116349.09539677402
55,124,116355.02174110049
56,124,116357.6730164359
57,124,116366.504184135
58,124,116371.8469781456
59,124,116383.61174865912
60,124,116391.932785476
44,125,117339.88732017696
45,125,117326.42723039704
46,125,117314.29731419536
47,125,117303.73696555624
48,125,117294.90881403508
49,125,117287.84459656736
50,125,117282.363246535
51,125,117280.00181024702
52,125,117279.23511049224
53,125,117279.42088022406
54,125,117281.05754330684
55,125,117284.16716217836
56,125,117288.5879279296
57,125,117294.49741128128
58,125,117301.5991865912
59,125,117310.1866307214
60,125,117320.18715140494
45,126,118262.5508585032
46,126,118247.96086637703
47,126,118239.03063241715
48,126,118227.49527958612
49,126,118221.94162977605
50,126,118213.73587094327
51,126,118213.35787063652
52,126,118209.68683933796
53,126,118211.84051052388
54,126,118210.6046199842
55,126,118215.4003232896
56,126,118217.0810935496
57,126,118224.77753096855
58,126,118228.93044186464
59,126,118239.42744890478
60,126,118246.3708059442
61,126,118260.00135914488
45,127,119197.51477645183
46,127,119184.02487886064
47,127,119172.59544622398
48,127,119162.50391018316
49,127,119154.36521240532
50,127,119147.77553063568
51,127,119144.5468146542
52,127,119142.96461230564
53,127,119142.26189222328
54,127,119142.92422551585
55,127,119145.0050818078
56,127,119148.42715360904
57,127,119153.34899239385
58,127,119159.2657656184
59,127,119166.701883038
60,127,119175.3349703792
61,127,119185.9353732647
45,128,120135.39892841158
46,128,120118.34886036091
47,128,120108.02883720024
48,128,120095.50096622514
49,128,120088.54909439814
50,128,120079.3777813811
51,128,120078.10935934138
52,128,120073.74541752489
53,128,120075.00118149124
54,128,120072.8786775484
55,128,120076.80743891076
56,128,120077.37005575966
57,128,120084.11377218858
58,128,120087.20528654072
59,128,120096.4084482726
60,128,120102.20886204836
61,128,120114.5194881059
62,128,120123.58944618113
46,129,121056.35317505988
47,129,121042.36306513564
48,129,121031.11117248042
49,129,121021.39842479042
50,129,121013.64271733323
51,129,121009.60392936858
52,129,121007.22842938262
53,129,121005.7261380501
54,129,121005.53724447828
55,129,121006.73426337785
56,129,121009.1724482594
57,129,121012.90977306174
58,129,121017.945810229
59,129,121024.4597484872
60,129,121031.8586061427
61,129,121041.05338442764
62,129,121051.9034277326
46,130,121992.99750836928
47,130,121979.8299077375
48,130,121964.6098185352
49,130,121955.82088664168
50,130,121945.59519961472
51,130,121943.44172963154
52,130,121938.37445667254
53,130,121938.79122855832
54,130,121935.84694150652
55,130,121938.82766208712
56,130,121938.47063995904
57,130,121944.10004166405
58,130,121946.3045034974
59,130,121954.5519522802
60,130,121959.1311772877
61,130,121970.25787434106
62,130,121978.02746664932
63,130,121992.21412182914
46,131,122931.48154253096
47,131,122916.4714465646
48,131,122902.0097584361
49,131,122889.19714927528
50,131,122879.95694015996
51,131,122875.24010739171
52,131,122872.0104971759
53,131,122869.77879100305
54,131,122868.8079441438
55,131,122869.16594426616
56,131,122870.54256027736
57,131,122873.45225443266
58,131,122877.51307036988
59,131,122882.92085472395
60,131,122889.45347875389
61,131,122897.45126848736
62,131,122906.94133040275
63,131,122917.75783992006
47,132,123854.31554427792
48,132,123838.25019217674
49,132,123826.3040672134
50,132,123812.16906710756
51,132,123809.08033978577
52,132,123803.527423993
53,132,123803.0121195926
54,132,123799.43664697652
55,132,123801.56292808136
56,132,123800.28071806594
57,132,123804.99204384103
58,132,123806.24693313443
59,132,123813.48815776898
60,132,123817.28980596506
61,132,123827.08797166428
62,132,123833.57582808762
63,132,123846.5152126643
47,133,124791.12940951396
48,133,124776.0699443602
49,133,124762.51949965232
50,133,124749.33583354176
51,133,124741.28621081896
52,133,124737.27259089348
53,133,124734.352422087
54,133,124732.5661405585
55,133,124732.13878037925
56,133,124732.65621138072
57,133,124734.71533218928
58,133,124737.7915001761
59,133,124742.2721321218
60,133,124747.87734385644
61,133,124754.8020710138
62,133,124762.97872624482
63,133,124772.97365796375
64,133,124784.14972420456
48,134,125712.24387314788
49,134,125699.73390735242
50,134,125685.27006747252
51,134,125677.68482157312
52,134,125669.17007310568
53,134,125667.66038571
54,134,125663.57799171192
55,134,125664.81266013134
56,134,125662.7538234285
57,134,125666.48516710718
58,134,125666.87092769131
59,134,125673.1758265635
60,134,125676.05738307646
61,134,125684.93991801784
62,134,125690.32767990622
63,134,125701.90335711696
64,134,125710.17409325232
48,135,126650.37766552703
49,135,126636.08761450188
50,135,126622.56567630803
51,135,126613.50759571412
52,135,126605.4691378796
53,135,126599.41874834652
54,135,126596.78456313338
55,135,126595.6159721111
56,135,126595.34727332232
57,135,126596.55447104917
58,135,126598.58162111716
59,135,126602.26205678016
60,135,126606.98430898107
61,135,126613.1355998183
62,135,126620.34070670052
63,135,126629.05017655811
64,135,126638.9482328904
65,135,126650.14479200146
49,136,127573.72212604216
50,136,127558.52200527892
51,136,127550.18514144572
52,136,127540.26675152867
53,136,127535.14680630415
54,136,127528.2628608901
55,136,127528.3531757638
56,136,127525.8049516209
57,136,127528.65454298224
58,136,127528.18348082568
59,136,127533.35160944564
60,136,127535.492733406
61,136,127543.5221082415
62,136,127547.88113176911
63,136,127558.4484172448
64,136,127565.6022919514
65,136,127578.7922484416
49,137,128510.35621291643
50,137,128496.03635407996
51,137,128486.12574027567
52,137,128476.8823706009
53,137,128469.82986480852
54,137,128463.80271884776
55,137,128459.6403607385
56,137,128458.46473227824
57,137,128459.0452682792
58,137,128460.2673680487
59,137,128462.98431930736
60,137,128466.6021641556
61,137,128472.11327449304
62,137,128478.19447785102
63,137,128486.0402291171
64,137,128494.97258781502
65,137,128505.2190229416
50,138,129432.17022862128
51,138,129423.03040848834
52,138,129411.98424096312
53,138,129405.70032585856
54,138,129397.70799095456
55,138,129394.79320711548
56,138,129389.41843025488
57,138,129391.16682791822
58,138,129390.11436906016
59,138,129394.55136889064
60,138,129395.66305400668
61,138,129402.76586513806
62,138,129406.18246348
63,138,129415.93056043972
64,138,129422.02066888132
65,138,129434.0797915312
66,138,129442.74920714242
50,139,130369.86435578408
51,139,130359.12422878324
52,139,130348.96925799406
53,139,130340.70337401146
54,139,130333.52975162996
55,139,130328.47324953724
56,139,130324.26042028298
57,139,130321.9519571331
58,139,130322.21659647058
59,139,130324.34568552717
60,139,130327.15740792724
61,139,130331.67330996566
62,139,130336.79410843876
63,139,130343.7762864264
64,139,130351.54279828366
65,139,130361.04403812833
66,139,130371.47397759308
50,140,131306.17800868716
51,140,131296.27808936665
52,140,131284.30099129296
53,140,131277.06221741938
54,140,131267.68197865863
55,140,131263.61870171403
56,140,131257.4005351892
57,140,131256.3563806011
58,140,131252.59421378255
59,140,131255.98221339256
60,140,131256.41119437153
61,140,131262.45639361948
62,140,131265.21249464373
63,140,131273.68249506596
64,140,131278.88616298043
65,140,131290.18616264858
66,140,131297.83834198822
67,140,131311.35059543786
51,141,132232.6224815751
52,141,132221.4929900394
53,141,132212.2358771006
54,141,132203.96523411467
55,141,132197.68519216258
56,141,132192.43005081554
57,141,132189.232699172
58,141,132186.73148474196
59,141,132186.14800894563
60,141,132187.97102301256
61,141,132191.63961100206
62,141,132196.2285831638
63,141,132202.23689617682
64,141,132208.93831252705
65,141,132217.62170054976
66,141,132226.78015056474
67,141,132237.79786280813
51,142,133170.04647544824
52,142,133157.10709087155
53,142,133148.853675869
54,142,133138.4269966336
55,142,133133.14208939252
56,142,133125.8143885715
57,142,133123.6326952485
58,142,133119.12374960806
59,142,133119.87027878957
60,142,133117.70658938453
61,142,133122.5151091173
62,142,133124.67471578362
63,142,133132.34771587944
64,142,133136.69712359348
65,142,133147.09712297478
66,142,133153.53667397698
67,142,133166.40619649598
68,142,133175.72672648475
52,143,134094.62050817852
53,143,134084.36103213447
54,143,134074.9478650572
55,143,134067.47522934282
56,143,134061.21354248203
57,143,134056.97928047998
58,143,134053.54436896398
59,143,134052.08254825574
60,143,134051.14843758638
61,143,134052.1900836609
62,143,134055.63361242882
63,143,134060.90943667092
64,143,134066.9194366197
65,143,134074.73155535976
66,143,134082.98179862482
67,143,134093.10310428566
68,143,134103.99040735472
52,144,135030.42463380753
53,144,135021.3146214859
54,144,135009.77254885642
55,144,135003.37348803988
56,144,134994.87772062773
57,144,134991.7951905362
58,144,134986.2129084604
59,144,134985.89426202636
60,144,134982.8968220581
61,144,134985.22873370902
62,144,134984.67922391364
63,144,134991.02567580628
64,144,134994.88533931802
65,144,135004.27666285858
66,144,135010.07475907702
67,144,135022.03532965088
68,144,135030.03713226094
69,144,135044.48553728353
52,145,135968.12900740549
53,145,135957.00883081084
54,145,135946.64561520013
55,145,135938.08452862708
56,145,135930.6227699693
57,145,135925.303626594
58,145,135921.07189359842
59,145,135918.51296193083
60,145,135916.70694763126
61,145,135916.87144669527
62,145,135917.48754527807
63,145,135920.1474285505
64,145,135925.212327131
65,145,135931.73925973196
66,145,135939.8963452034
67,145,135949.01883954598
68,145,135958.89883234465
69,145,135970.55648103642
53,146,136894.0928293366
54,146,136881.67810415564
55,146,136874.32267461816
56,146,136864.766786809
57,146,136860.41188141677
58,146,136854.00718599244
59,146,136852.95956810922
60,146,136848.7071382462
61,146,136850.1786949308
62,146,136848.6366949362
63,146,136852.51545221408
64,146,136853.54723190304
65,146,136861.8694107317
66,146,136867.07812734417
67,146,136878.3948277701
68,146,136885.3110354824
69,146,136898.5779734397
53,147,137829.92676277691
54,147,137818.72740918354
55,147,137809.2070848877
56,147,137800.86312213796
57,147,137794.4487605993
58,147,137789.11325553007
59,147,137785.68306389468
60,147,137782.98036263286
61,147,137782.08517351307
62,147,137781.8611091272
63,147,137783.58254655675
64,147,137785.77022938684
65,147,137790.3844841615
66,147,137796.93111041078
67,147,137805.37005668264
68,147,137814.51934359013
69,147,137825.15275024317
54,148,138753.971706857
55,148,138745.7103098815
56,148,138735.07634898947
57,148,138729.91251828332
58,148,138722.22283512814
59,148,138720.08580694732
60,148,138715.21319389986
61,148,138715.7553830831
62,148,138713.28519299565
63,148,138716.32377798992
64,148,138716.35184018125
65,148,138722.08431264016
66,148,138724.76186262973
67,148,138734.63009345238
68,148,138741.14226280325
69,148,138753.85622580716
70,148,138762.39148204876
54,149,139691.11532100532
55,149,139680.8157907149
56,149,139671.28474305896
57,149,139663.89544160143
58,149,139657.44544202994
59,149,139653.07598949433
60,149,139649.7398275311
61,149,139648.05095792987
62,149,139646.97946398982
63,149,139647.67404560823
64,149,139648.98818910445
65,149,139652.62672243675
66,149,139656.42137231762
67,149,139662.4695085665
68,149,139670.3737418268
69,149,139680.17492277242
70,149,139690.78557209307
54,150,140626.61950553334
55,150,140617.43963115403
56,150,140605.71966550683
57,150,140599.2983177624
58,150,140590.76260136277
59,150,140587.30895563736
60,150,140581.9295129228
61,150,140582.01212899774
62,150,140578.55812930458
63,150,140580.81709472087
64,150,140579.8454131684
65,150,140584.50367545045
66,150,140586.29984665185
67,150,140593.66357300727
68,150,140597.77814174313
69,150,140609.11859433714
70,150,140616.77920183542
71,150,140630.83824232325
55,151,141552.82365294287
56,151,141542.1636344348
57,151,141533.7932284305
58,151,141525.8785093411
59,151,141520.32388518815
60,151,141516.16038320411
61,151,141513.717307047
62,151,141512.52708673166
63,151,141512.45046854723
64,151,141512.91464696237
65,151,141515.48002643214
66,151,141518.35117908748
67,151,141523.4808211656
68,151,141528.8372764687
69,151,141536.33195319652
70,151,141545.56121539316
71,151,141556.80299574838
55,152,142489.46798625228
56,152,142476.98782826812
57,152,142469.30765939367
58,152,142459.61732624625
59,152,142454.83959984552
60,152,142448.4480058857
61,152,142447.3432007851
62,152,142443.83469192008
63,152,142445.70916917318
64,152,142443.89036545958
65,152,142447.88036548914
66,152,142448.479706493
67,152,142454.99303369108
68,152,142458.09745109951
69,152,142466.87739128046
70,152,142472.32728289397
71,152,142485.17566142837
56,153,143413.62191514237
57,153,143404.032183358
58,153,143395.18205789095
59,153,143388.52328254626
60,153,143382.76139257208
61,153,143379.443768273
62,153,143377.53171268484
63,153,143376.7243057063
64,153,143377.20882795262
65,153,143378.77816171016
66,153,143380.9485755711
67,153,143385.07969788866
68,153,143389.62509009885
69,153,143396.11916238233
70,153,143402.93208882306
71,153,143411.7163092194
72,153,143422.79154308658
56,154,144348.66594158387
57,154,144340.0561415952
58,154,144329.36631527587
59,154,144323.72627218225
60,154,144316.0062716885
61,154,144313.31927169126
62,154,144309.1303101104
63,154,144309.8475074741
64,154,144307.87951659656
65,154,144311.4291676931
66,154,144311.19185932406
67,154,144316.94649575363
68,154,144318.9809002977
69,154,144327.15873200577
70,154,144331.65378161718
71,154,144341.91912980002
72,154,144348.85596638074
57,155,145275.1495372241
58,155,145265.2999185851
59,155,145257.66464120598
60,155,145250.79618094987
61,155,145246.1399707493
62,155,145242.88877129467
63,155,145241.26163925955
64,155,145241.00967848828
65,155,145241.82953768
66,155,145243.92403756606
67,155,145247.0401778278
68,155,145250.8708048054
69,155,145256.45405563503
70,155,145262.57736252647
71,155,145270.5349200982
72,155,145278.77025480018
73,155,145289.09214094904
57,156,146211.52373724378
58,156,146199.75430925976
59,156,146193.12477258343
60,156,146184.37194912732
61,156,146180.4072317107
62,156,146175.21334355284
63,156,146174.49123535224
64,156,146172.03874551572
65,156,146174.48306894346
66,156,146174.04469291496
67,156,146179.03567650696
68,156,146180.36239610508
69,156,146187.73966172725
70,156,146191.30854165656
71,156,146200.87452965628
72,156,146206.7545647534
73,156,146218.57328461087
57,157,147146.99811396058
58,157,147136.1378242205
59,157,147127.63337621483
60,157,147119.57406502188
61,157,147113.7710654185
62,157,147109.39052810305
63,157,147106.6090475905
64,157,147105.24428577322
65,157,147105.30433360903
66,157,147106.64351194078
67,157,147109.23531882974
68,157,147112.6545337386
69,157,147117.35890311576
70,157,147122.6482694191
71,157,147129.62836365442
72,157,147137.21369990878
73,157,147146.47223430758
74,157,147156.3782595719
58,158,148071.02256517042
59,158,148063.4122583537
60,158,148053.7271602031
61,158,148048.45614060757
62,158,148042.310435009
63,158,148040.29182208443
64,158,148036.87231468642
65,158,148038.091400141
66,158,148037.15513213133
67,158,148041.37488704422
68,158,148042.258468816
69,158,148048.85908353192
70,158,148051.5526636035
71,158,148060.35008327127
72,158,148065.459884525
73,158,148076.44386084648
74,158,148083.869731831
58,159,149007.71626766725
59,159,148998.2867528685
60,159,148989.33237923897
61,159,148982.50203479003
62,159,148976.8485371956
63,159,148973.01300031258
64,159,148970.4945290228
65,159,148969.52380504628
66,159,148969.88916590958
67,159,148971.72676624265
68,159,148974.49526638488
69,159,148978.48598273343
70,159,148983.22286963818
71,159,148989.34777683645
72,159,148996.20378022196
73,159,149004.61722963725
74,159,149013.6228717707
75,159,149024.25121947928
59,160,149934.3507653521
60,160,149923.82597370585
61,160,149917.65584992088
62,160,149910.31731582346
63,160,149907.05703989026
64,160,149902.60842898584
65,160,149902.71401477384
66,160,149900.87806318534
67,160,149904.1680630953
68,160,149904.48631271286
69,160,149910.2494518206
70,160,149912.38726152494
71,160,149920.28054693507
72,160,149924.61174114494
73,160,149934.72678902838
74,160,149941.22141555086
75,160,149953.67181602443
59,161,150869.55500877916
60,161,150859.8143749502
61,161,150851.95800185687
62,161,150845.37254813896
63,161,150840.252990416
64,161,150836.5384490279
65,161,150834.58281348814
66,161,150833.98909684567
67,161,150834.8482976908
68,161,150836.84329258234
69,161,150840.14587697765
70,161,150844.2103434402
71,161,150849.48224236618
72,161,150855.72877381791
73,161,150863.26601610027
74,161,150871.5372282291
75,161,150881.20177109935
76,161,150891.84845713232
60,162,151794.5286524794
61,162,151787.49866648845
62,162,151779.15963972596
63,162,151774.8157492515
64,162,151769.25797385402
65,162,151767.6591461987
66,162,151765.3575239415
67,162,151767.49813092264
68,162,151767.20448299582
69,162,151772.06121127435
70,162,151773.71752981417
71,162,151780.70693433305
72,162,151784.37026776437
73,162,151793.75728873364
74,162,151799.5394768958
75,162,151811.08596014985
76,162,151819.0390567963
60,163,152730.95315318063
61,163,152722.0732199023
62,163,152714.43318445125
63,163,152708.45897716336
64,163,152703.6442052422
65,163,152700.43704217125
66,163,152698.6519380513
67,163,152698.6547688619
68,163,152699.8653833091
69,163,152702.30438324803
70,163,152705.7389175089
71,163,152710.2413818134
72,163,152715.76347539778
73,163,152722.49816192285
74,163,152730.12435723448
75,163,152739.03054281115
76,163,152748.69625284348
77,163,152759.7223485338
61,164,153658.16704019718
62,164,153648.60158408058
63,164,153643.2947522628
64,164,153636.83321054786
65,164,153634.42191510653
66,164,153630.5592493893
67,164,153631.54638070296
68,164,153630.5843252105
69,164,153634.61795549234
70,164,153635.5147272206
71,164,153641.88452328692
72,164,153644.70854234067
73,164,153653.24409386588
74,164,153658.29134342767
75,164,153669.0544569085
76,164,153676.10217482116
77,164,153689.04327521
61,165,154593.350790754
62,165,154584.51091172206
63,165,154577.2918976329
64,165,154571.4952191485
65,165,154567.43215179007
66,165,154564.4087119584
67,165,154563.12298368977
68,165,154563.49964823396
69,165,154565.09097643028
70,165,154567.72561248657
71,165,154571.5787536766
72,165,154576.38548866668
73,165,154582.17312886377
74,165,154589.1596848737
75,165,154597.36164693648
76,165,154606.2743399309
77,165,154616.42576265906
78,165,154627.70243026293
62,166,155519.06497226562
63,166,155512.7662091451
64,166,155505.1441776121
65,166,155501.70632536922
66,166,155496.93063242012
67,166,155496.4447641648
68,166,155494.5909586288
69,166,155497.62862516992
70,166,155497.92139656076
71,166,155503.49411684964
72,166,155505.65611466134
73,166,155513.41732352268
74,166,155517.6276321539
75,166,155527.6777679393
76,166,155534.0835774306
77,166,155546.20964190416
78,166,155554.73281294128
62,167,156455.67949776378
63,167,156447.23922970175
64,167,156440.2334737354
65,167,156435.12612324266
66,167,156431.09775497104
67,167,156428.72974699212
68,167,156427.71994963248
69,167,156428.46608944942
70,167,156430.4193049675
71,167,156433.48292479725
72,167,156437.5414446015
73,167,156442.65814170608
74,167,156448.91599360565
75,167,156456.17505262626
76,167,156464.5103450289
77,167,156473.9367570208
78,167,156484.2558738377
62,168,157390.8632483206
63,168,157383.25294150383
64,168,157374.35344684933
65,168,157369.7221271027
66,168,157363.94491032456
67,168,157362.44407678032
68,168,157359.51407698507
69,168,157361.1909293809
70,168,157360.92344153445
71,168,157365.43047668049
72,168,157367.14275100254
73,168,157374.1093953945
74,168,157377.6103777872
75,168,157386.70841854662
76,168,157392.50831348015
77,168,157403.83707768618
78,168,157411.49323077966
79,168,156493.5391440624
63,169,158318.3370221917
64,169,158310.10727179682
65,169,158303.51695102223
66,169,158298.4014005869
67,169,158295.2014007056
68,169,158293.0762472116
69,169,158292.72275637768
70,169,158293.62188292303
71,169,158295.91488327083
72,169,158299.28051584444
73,169,158303.70697581914
74,169,158309.07954410723
75,169,158315.58816353406
76,169,158323.27442624295
77,169,158331.9039943994
78,169,158341.53308833006
79,169,158352.20894223786
63,170,159254.63111371858
64,170,159244.64177096426
65,170,159238.78174156597
66,170,159231.7815633863
67,170,159229.2539988511
68,170,159225.3839994808
69,170,159225.69619904415
70,170,159224.72758397026
71,170,159228.18527890052
72,170,159229.2376529926
73,170,159235.35384326908
74,170,159238.2007081472
75,170,159246.58751683115
76,170,159251.56582092543
77,170,159262.3094196048
78,170,159269.19231056757
79,170,159281.78789278047
80,170,158359.41311762598
64,171,160180.77564550555
65,171,160173.21563937035
66,171,160166.97556037825
67,171,160162.46779307784
68,171,160159.26779319654
69,171,160157.77534403073
70,171,160157.6787974615
71,171,160159.15714939556
72,171,160161.5542647022
73,171,160165.26533720622
74,171,160169.89952036575
75,171,160175.73533091738
76,171,160182.68837735846
77,171,160190.57358485172
78,171,160199.51904687716
79,171,160209.42331161763
80,171,159288.83091968883
64,172,161115.50948441093
65,172,161108.78968595606
66,172,161100.72015254683
67,172,161096.99603912537
68,172,161091.99713969647
69,172,161091.10616372453
70,172,161089.22426153193
71,172,161091.74364195994
72,172,161092.07748572028
73,172,161097.14973565226
74,172,161099.38252701575
75,172,161106.91287903622
76,172,161111.23607730068
77,172,161121.1003446159
78,172,161127.37304825743
79,172,161139.16170693722
80,172,161147.4183560873
65,173,162043.46390923887
66,173,162036.23365201592
67,173,162030.6232630371
68,173,162026.31976028386
69,173,162023.717752603
70,173,162022.42258550462
71,173,162023.09280575774
72,173,162024.56203091264
73,173,162027.57727732213
74,173,162031.24643259155
75,173,162036.41995083637
76,173,162042.535570107
77,173,162049.70536404775
78,173,162058.03706181466
79,173,162067.14180281115
80,173,162077.3125419325
65,174,162979.4981139112
66,174,162970.33780090802
67,174,162965.59835891493
68,174,162959.51849690845
69,174,162957.603401855
70,174,162954.52340170147
71,174,162955.8976302933
72,174,162955.62333974542
73,174,162959.7271515874
74,174,162961.2408295038
75,174,162967.7948220084
76,174,162971.47253957164
77,174,162980.68198609422
78,174,162986.15031477052
79,174,162997.40981400656
80,174,163004.82690565914
66,175,163906.23228146497
67,175,163899.66245356065
68,175,163894.31008844814
69,175,163890.65146837704
70,175,163888.2664680827
71,175,163887.7963467352
72,175,163888.4802618146
73,175,163890.5533727331
74,175,163893.32922515832
75,175,163897.67371365198
76,175,163902.85666420608
77,175,163909.56751379705
78,175,163917.25334056668
79,175,163925.55833891814
80,175,163934.99258198097
66,176,164840.84595763113
67,176,164835.06603672565
68,176,164827.82553306755
69,176,164825.08480449047
70,176,164820.96480514394
71,176,164821.07379461144
72,176,164819.87969928063
73,176,164823.09074854496
74,176,164823.81451946255
75,176,164829.39323764193
76,176,164832.32494300284
77,176,164840.57420447317
78,176,164845.52220892732
79,176,164855.93516073414
80,176,164862.6714885518
81,176,163943.5467531418
67,177,165769.67039795074
68,177,165763.09218659948
69,177,165758.38068942947
70,177,165754.9638256117
71,177,165753.56632736567
72,177,165753.06948424687
73,177,165754.23548478403
74,177,165756.248499429
75,177,165759.68105519644
76,177,165763.9937816042
77,177,165769.90280572927
78,177,165776.57979364667
79,177,165784.40449314602
80,177,165793.17440672446
81,177,165802.61012713693
67,178,166705.31430659417
68,178,166697.18422606826
69,178,166693.20395176864
70,178,166687.76719329046
71,178,166687.10645192134
72,178,166685.00896659665
73,178,166686.84557302555
74,178,166687.03726612835
75,178,166691.79087521526
76,178,166693.90008898216
77,178,166701.19001864883
78,178,166705.446847027
79,178,166715.14130296736
80,178,166721.1289861804
81,178,166732.83064237956
82,178,165809.52360091405
68,179,167632.85887401705
69,179,167627.03796737103
70,179,167622.29852537793
71,179,167619.87942122156
72,179,167618.47539879088
73,179,167618.5809789899
74,179,167619.64318779673
75,179,167622.35412253495
76,179,167625.91829748754
77,179,167630.85671500434
78,179,167636.67030755867
79,179,167643.9498631755
80,179,167652.00551080218
81,179,167660.6688027711
82,179,166739.49594097745
68,180,168567.25271757503
69,180,168562.26270366838
70,180,168555.71243714017
71,180,168553.7560610626
72,180,168550.65306138818
73,180,168551.49890647086
74,180,168550.79629444185
75,180,168554.59517330592
76,180,168556.0763392837
77,180,168562.45500689984
78,180,168566.0026618045
79,180,168574.80689069416
80,180,168580.1820233855
81,180,168591.04209888194
82,180,168598.49146866813
69,181,169496.4870152997
70,181,169490.83843506264
71,181,169487.1292255468
72,181,169484.52368191435
73,181,169483.48757543525
74,181,169483.69269509407
75,181,169485.40922820714
76,181,169488.37667127085
77,181,169492.4636044397
78,181,169497.54514229935
79,181,169504.05549989422
80,181,169511.2655120244
81,181,169519.12789046016
82,181,169528.81600851467
69,182,170431.9306527111
70,182,170424.52061712634
71,182,170421.65068379682
72,182,170417.3711055382
73,182,170416.9900573827
74,182,170415.17459773296
75,182,170417.9745982113
76,182,170418.81163322274
77,182,170424.36905930992
78,182,170427.25232138857
79,182,170435.1167658783
80,182,170439.8438562596
81,182,170450.09352925967
82,182,170456.59618526133
70,183,171359.91488535033
71,183,171355.1987307098
72,183,171351.63129739085
73,183,171349.62129799227
74,183,171348.5491818142
75,183,171349.10518132898
76,183,171351.25108478556
77,183,171354.71270596347
78,183,171359.14164743843
79,183,171364.72335664538
80,183,171371.11018880733
81,183,171378.32758302824
82,183,171387.33483664648
70,184,172293.8085165753
71,184,172290.1086220005
72,184,172284.90949418832
73,184,172283.56949427878
74,184,172280.70349371733
75,184,172282.18912714082
76,184,172282.15638139716
77,184,172286.79809196052
78,184,172289.07646039894
79,184,172296.09023280352
80,184,172300.06415990234
81,184,172309.52559141503
82,184,172315.3573602138
83,184,171396.1695673105
70,185,173229.42261740743
71,185,173223.94263760292
72,185,173219.5832452036
73,185,173216.50867845514
74,185,173214.51517768015
75,185,173214.08400210104
76,185,173215.09714073004
77,185,173217.56749196595
78,185,173221.21490523155
79,185,173226.04489962934
80,185,173231.71939868978
81,185,173238.14530423484
82,185,173246.36183765988
83,185,173255.66746374304
71,186,174159.0770189723
72,186,174152.97293811914
73,186,174150.7895494769
74,186,174146.8885490513
75,186,174147.46983117907
76,186,174146.39711977626
77,186,174150.22480136948
78,186,174151.53270385522
79,186,174157.68229564725
80,186,174160.85809251727
81,186,174169.51421198164
82,186,174174.71625443888
83,186,174186.25165384464
84,186,173262.00458020176
71,187,175093.12155224188
72,187,175087.8912128568
73,187,175083.99570452046
74,187,175080.9872105117
75,187,175079.67470551358
76,187,175079.6722389172
77,187,175081.34187782268
78,187,175084.20589243874
79,187,175087.86247346926
80,187,175092.77274496027
81,187,175098.44666183693
82,187,175105.90429863328
83,187,175114.50797870566
84,187,174192.22095961057
71,188,176028.56518965325
72,188,176021.55569653257
73,188,176018.47524553587
74,188,176013.7174763963
75,188,176013.36847629544
76,188,176011.2480547915
77,188,176014.04040118278
78,188,176014.56438710826
79,188,176020.01404212226
80,188,176022.18700548256
81,188,176030.04895356807
82,188,176034.574331696
83,188,176045.19055600883
84,188,176051.8409786459
72,189,176956.72920065426
73,189,176951.91989660347
74,189,176948.0700314782
75,189,176945.90036188104
76,189,176944.89265758864
77,189,176945.42980645728
78,189,176947.41005393423
79,189,176950.2975002844
80,189,176954.25308067535
81,189,176959.26335364726
82,189,176966.03543966054
83,189,176973.81479495848
84,189,176982.457463648
72,190,177890.5734626918
73,190,177886.65373550882
74,190,177881.00472864747
75,190,177879.79054657783
76,190,177876.665735969
77,190,177878.61994725428
78,190,177878.0670579983
79,190,177882.54002095305
80,190,177884.0029361669
81,190,177891.0073256314
82,190,177894.95695470652
83,190,177904.7776560426
84,190,177910.810852989
73,191,178820.3480269959
74,191,178815.69148797792
75,191,178812.51725601798
76,191,178810.47242432894
77,191,178810.15883683937
78,191,178811.16932723063
79,191,178813.06975311492
80,191,178816.27581515987
81,191,178820.58471312685
82,191,178826.57642039447
83,191,178833.6283123322
84,191,178841.79893334443
85,191,177919.23747466243
73,192,179755.261644263
74,192,179748.74211704018
75,192,179746.7729385077
76,192,179742.47946328853
77,192,179743.5261357052
78,192,179742.07324057343
79,192,179745.58958237237
80,192,179746.35028516813
81,192,179752.48951781422
82,192,179755.8099198287
83,192,179764.82722892577
84,192,179770.2952828113
85,192,178849.7934050959
73,193,180689.046290678
74,193,180683.66598074243
75,193,180679.62422783204
76,193,180676.461467222
77,193,180675.31956350573
78,193,180675.3761918267
79,193,180676.4510391455
80,193,180678.7937030329
81,193,180682.37865030396
82,193,180687.62661355743
83,193,180693.97130492615
84,193,180701.5305667976
85,193,180709.78854518972
86,193,179787.40468610477
73,194,181624.2197947997
74,194,181616.9401683893
75,194,181614.0897964359
76,194,181608.91479432097
77,194,181608.81819465655
78,194,181606.5898698073
79,194,181609.13802129365
80,194,181609.16601921187
81,194,181614.4124734449
82,194,181617.1421051328
83,194,181625.32695099144
84,194,181630.34535404385
85,194,181640.63348098347
86,194,180715.5804926156
74,195,182552.10435757
75,195,182547.28387558996
76,195,182543.3324776075
77,195,182541.1517549013
78,195,182540.05019512615
79,195,182540.2770120771
80,195,182541.83073119904
81,195,182544.6887814583
82,195,182549.1060336138
83,195,182554.8185068943
84,195,182561.7274191448
85,195,182569.37377385187
86,195,181646.40025571268
74,196,183485.598377825
75,196,183481.978591743
76,196,183476.0610528303
77,196,183474.9026542165
78,196,183471.6936374723
79,196,183473.199458236
80,196,183472.512231695
81,196,183476.84157782057
82,196,183478.9899413531
83,196,183486.3291433318
84,196,183490.8694439952
85,196,183500.42500112395
86,196,182574.81924273135
74,197,184420.9619067436
75,197,184415.48192693904
76,197,184410.75273138107
77,197,184407.56815517915
78,197,184405.4125036368
79,197,184404.69252669468
80,197,184405.2920474769
81,197,184407.4780564121
82,197,184411.0868927809
83,197,184416.1450827409
84,197,184422.43919956888
85,197,184429.4770231512
86,197,183505.84854356383
87,197,183514.59214336533
75,198,185350.33592858363
76,198,185343.7260464329
77,198,185341.6162122909
78,198,185337.42236316047
79,198,185337.7455878881
80,198,185336.37206536875
81,198,185339.79762747843
82,198,185341.2589377279
83,198,185347.95252952768
84,198,185351.85310239744
85,198,185360.6176338029
86,198,185366.0960608068
87,198,184445.40997640663
75,199,186284.09076718733
76,199,186278.55024026617
77,199,186274.4219487592
78,199,186271.43178282835
79,199,186269.7267303801
80,199,186269.27441640533
81,199,186270.7610865817
82,199,186273.5887487089
83,199,186278.0228664966
84,199,186283.58165442816
85,199,186289.99710581492
86,199,186297.26063693876
87,199,185374.09776933596
76,200,187211.7648122905
77,200,187208.74490841044
78,200,187203.7154075373
79,200,187203.07449208864
80,200,187200.811318182
81,200,187203.26735794253
82,200,187204.06372764747
83,200,187209.94401145357
84,200,187213.37290179165
85,200,187221.3266914697
86,200,187226.31413072665
87,200,186304.95406097424
76,201,188146.96905571755
77,201,188141.96879537572
78,201,188138.0679821805
79,201,188135.4079824713
80,201,188134.1461582044
81,201,188134.6279092557
82,201,188136.53765473847
83,201,188140.37968227244
84,201,188145.2875216324
85,201,188151.01924610152
86,201,188157.70127526496
87,201,187233.9031584921
88,201,187242.25140238876
76,202,189080.77233201457
77,202,189076.6625800347
78,202,189070.6106628513
79,202,189068.94980886672
80,202,189065.9574809381
81,202,189067.32237130156
82,202,189067.36218242795
83,202,189072.5519356835
84,202,189075.36122129505
85,202,189082.70768427025
86,202,189087.02822963952
87,202,188164.91022549185
88,202,188170.8835879146
76,203,190017.52658162807
77,203,190010.42673357943
78,203,190005.2867491223
79,203,190001.65344892387
80,203,189999.52768995875
81,203,189999.03558348745
82,203,190000.010409764
83,203,190003.27199910383
84,203,190007.4860737657
85,203,190012.63428517876
86,203,190018.61284813308
87,203,189094.17920274197
88,203,189101.90412059307
77,204,190946.72082510637
78,204,190938.67085307327
79,204,190935.90058961263
80,204,190931.6008473012
81,204,190931.9449253872
82,204,190931.1811803317
83,204,190935.64506867097
84,204,190937.94994929453
85,204,190944.4157432801
86,204,190948.3208795394
87,204,190025.4042011704
88,204,190030.85799015523
77,205,191882.184955388
78,205,191874.96494460016
79,205,191869.21483150596
80,205,191865.4973791988
81,205,191863.96429546573
82,205,191864.01493521116
83,205,191866.7195283375
84,205,191870.26369945423
85,205,191874.8005787398
86,205,191880.07533362668
87,205,191886.4752812256
88,205,190962.09484836657
89,205,190970.3976837887
78,206,192810.0387788529
79,206,192805.08881919264
80,206,192798.3334721284
81,206,192797.02590684348
82,206,192795.49369405743
83,206,192799.25099940825
84,206,192801.09053166007
85,206,192806.8398119985
86,206,192810.14628165576
87,206,192818.0323405346
88,206,191891.3507101797
89,206,191901.26985088096
78,207,193746.63374297487
79,207,193740.1328456341
80,207,193734.28585715324
81,207,193729.7388664992
82,207,193728.321333678
83,207,193730.71874799425
84,207,193733.62760194184
85,207,193737.5458210359
86,207,193742.1385610913
87,207,193747.92428147903
88,207,192822.7931873307
89,207,192830.4254280391
78,208,194681.76719285012
79,208,194676.3570751033
80,208,194669.00199767065
81,208,194665.51728382247
82,208,194660.5188855374
83,208,194663.39725354605
84,208,194664.7981973887
85,208,194669.79750388052
86,208,194672.612015174
87,208,194679.60247693863
88,208,193752.5012355039
89,208,193761.53415644213
90,208,193767.4613437708
79,209,195611.5315107191
80,209,195605.1517076117
81,209,195600.11671464928
82,209,195596.14693363072
83,209,195595.5029181697
84,209,195597.3954924902
85,209,195600.87773415304
86,209,195604.8204580624
87,209,195609.97936302776
88,209,194684.12564463107
89,209,194691.1122909959
90,209,194698.6626328798
79,210,195616.44141613296
80,210,196539.9554085747
81,210,196536.0086140361
82,210,196530.52718016927
83,210,196530.4637044352
84,210,196529.30254953032
85,210,196533.2835103411
86,210,196535.65084578123
87,210,196541.91210136027
88,210,195614.20434548557
89,210,195622.5255862997
90,210,195627.82102780757
80,211,197476.35941640567
81,211,197470.67171341632
82,211,197466.25669964115
83,211,197464.8905955409
84,211,197464.31721993512
85,211,197465.10252069563
86,211,197467.99438232783
87,211,197472.6093972017
88,211,196546.0874798941
89,211,196552.3990948388
90,211,196559.1320059361
91,211,196567.30783493185
80,212,197479.76961631465
81,212,198406.6928771712
82,212,198400.6948851129
83,212,198400.125871694
84,212,198397.87440573671
85,212,198399.6156653608
86,212,198399.58459537497
87,212,198404.72781584263
88,212,198408.04505170867
89,212,197484.04931194155
90,212,197488.86059821176
91,212,197498.3462345987
80,213,198416.4437574353
81,213,198410.02762605785
82,213,199336.53431902587
83,213,199334.50624584724
84,213,199333.0843983454
85,213,199333.1583953054
86,213,199334.04196776223
87,213,199336.18371768665
88,213,198408.5893721504
89,213,198414.38484341843
90,213,198420.3639224205
91,213,198427.89800880084
80,214,199351.50827674704
81,214,199346.20248633964
82,214,200271.04900065623
83,214,200270.0312390221
84,214,200266.7620468273
85,214,200267.852867407
86,214,200266.91235551017
87,214,200270.273692033
88,214,199339.8306568217
89,214,199346.1711881378
90,214,199350.4328481759
91,214,199359.19781179464
80,215,200288.34170335924
81,215,200281.26234818087
82,215,200275.5742642104
83,215,200272.8612913631
84,215,201202.1843511608
85,215,201201.469538422
86,215,201201.55713146992
87,215,200271.5501565928
88,215,200273.7640144072
89,215,200277.2625693262
90,215,200282.15345269896
91,215,200289.0365560424
92,215,200296.12133158493
80,216,201223.64654814932
81,216,201217.59649395416
82,216,201210.23582755684
83,216,201208.6001099406
84,216,201204.50845782264
85,216,201204.98279976996
86,216,201202.9794344724
87,216,201205.6971439672
88,216,201206.01758818488
89,216,201210.87585808613
90,216,201213.0246584894
91,216,201220.54991989455
92,216,201225.79255127584
81,217,202152.8799143799
82,217,202146.4805498963
83,217,202142.95018724815
84,217,202140.10367633784
85,217,202138.6148218077
86,217,202137.8787905648
87,217,202138.53488657283
88,217,202140.1097599258
89,217,202142.9225451607
90,217,202146.42600439617
91,217,202151.2749723973
92,217,202157.19086908596
81,218,203089.4245778204
82,218,203081.3438664819
83,218,203078.93036526252
84,218,203074.07097849983
85,218,203073.81454469397
86,218,203070.93173997887
87,218,203072.77376677192
88,218,203072.35988251783
89,218,203076.56517132733
90,218,203078.0810736517
91,218,203084.36389425065
92,218,203087.60898124095
82,219,204017.8279828057
83,219,204013.52820602892
84,219,204009.8897900649
85,219,204007.6044503246
86,219,204006.03776666775
87,219,204005.82536831405
88,219,204006.6022819017
89,219,204008.7779819916
90,219,204011.67120919417
91,219,204015.79165193185
92,219,204020.50438240007
93,219,204026.64538022748
82,220,204952.83288649484
83,220,204949.66208057024
84,220,204943.965994134
85,220,204943.07828025435
86,220,204939.3145252384
87,220,204940.184863027
88,220,204938.9746221089
89,220,204942.4462866562
90,220,204943.39206894665
91,220,204948.98092830236
92,220,204951.71602506607
93,220,204959.17755364475
83,221,205884.3968509697
84,221,205879.970390995
85,221,205876.97936343207
86,221,205874.66798843167
87,221,205873.47388471744
88,221,205873.16051054
89,221,205874.7276822997
90,221,205877.1365595824
91,221,205880.57157076825
92,221,205884.71663010056
93,221,205890.1069098175
94,221,205896.1262247073
83,222,206820.64064181503
84,222,206814.1770042384
85,222,206812.6437649458
86,222,206808.06269278552
87,222,206808.0688387836
88,222,206806.0109410268
89,222,206808.3125334762
90,222,206808.89377461816
91,222,206813.7550970256
92,222,206815.96356987255
93,222,206822.9653772354
94,222,206826.7503116328
83,223,207755.424781402
84,223,207750.26337258043
85,223,207746.61284719303
86,223,207743.57457704385
87,223,207741.5671681304
88,223,207740.41808352608
89,223,207741.00989340013
90,223,207742.5702401026
91,223,207745.5224532377
92,223,207749.2301164733
93,223,207753.843421124
94,223,207759.30538583265
95,223,207765.884528678
83,224,208691.7486807401
84,224,208684.5892170689
85,224,208682.38995949316
86,224,208677.12403982785
87,224,208676.427555167
88,224,208673.50477351955
89,224,208674.91308827503
90,224,208674.6745214575
91,224,208678.54129226925
92,224,208680.42163141476
93,224,208686.71118857907
94,224,208689.9592805694
95,224,208697.9393905448
84,225,209620.7528994215
85,225,209616.4726840209
86,225,209612.70718617944
87,225,209609.99364512076
88,225,209608.1660872256
89,225,209607.8103486964
90,225,209608.4832358171
91,225,209610.5296836484
92,225,209613.5450446317
93,225,209617.79114126632
94,225,209622.47336902868
95,225,209628.56347747028
84,226,210555.21567354305
85,226,210552.32711033145
86,226,210546.41433973704
87,226,210545.1876849614
88,226,210541.33472168676
89,226,210541.9763469339
90,226,210540.86479502148
91,226,210543.7007455832
92,226,210544.9959434209
93,226,210550.4840225666
94,226,210553.2967956921
95,226,210560.6369692191
84,227,211491.44176600047
85,227,211486.5914762092
86,227,211482.04708256063
87,227,211478.84369297232
88,227,211476.33871158017
89,227,211475.01076334133
90,227,211474.9660069127
91,227,211475.99161917923
92,227,211478.20628180448
93,227,211481.74026610173
94,227,211485.9310468906
95,227,211491.3411646374
85,228,212422.5353259536
86,228,212415.8988170439
87,228,212414.0395715824
88,228,212409.5955445604
89,228,212409.5500047452
90,228,212407.4262503554
91,228,212409.57894906148
92,228,212409.87535141635
93,228,212414.48069645
94,228,212416.76315973647
95,228,212423.50501131415
85,229,213357.03908581563
86,229,213351.5118531783
87,229,213347.8177068536
88,229,213344.71141621048
89,229,213342.8393897184
90,229,213341.7349702563
91,229,213342.0463016672
92,229,213343.36007256576
93,229,213345.9508305924
94,229,213349.5443764855
95,229,213354.32986688957
86,230,214285.8132254537
87,230,214283.1303240305
88,230,214278.1598612536
89,230,214277.4819422017
90,230,214274.50606725345
91,230,214275.81709862783
92,230,214275.25857196955
93,230,214278.88017073908
94,230,214280.5757256735
95,230,214286.51557200693
86,231,215221.6872131404
87,231,215217.21823325445
88,231,215213.3541460772
89,231,215210.90051143445
90,231,215208.95346892776
91,231,215208.56199549037
92,231,215208.9436099942
93,231,215210.76134435256
94,231,215213.4462345157
95,231,215217.5476533493
96,231,215222.4072580816
87,232,216152.70459457437
88,232,216147.12871558897
89,232,216145.7861838785
90,232,216142.07847034215
91,232,216142.57830914605
92,232,216141.2412052517
93,232,216143.99119474317
94,232,216144.99267479195
95,232,216150.05149537345
96,232,216152.9642774317
87,233,217087.04591490584
88,233,217082.4599244567
89,233,217079.4339006604
90,233,217076.85750534135
91,233,217075.61527318985
92,233,217075.04497430907
93,233,217076.074393592
94,233,217078.17769796032
95,233,217081.41053114572
96,233,217085.4192020431
97,233,217090.8968670848
88,234,218016.5505946292
89,234,218014.461160208
90,234,218010.2329231098
91,234,218009.95883469612
92,234,218007.764924828
93,234,218009.5747703628
94,234,218009.9699511468
95,234,218014.08111061424
96,234,218016.34237588945
97,234,218023.0150705505
88,235,218952.24377931055
89,235,218948.4712281958
90,235,218945.13182183864
91,235,218943.40296878456
92,235,218942.0328499447
93,235,218942.15711218945
94,235,218943.29641424268
95,235,218945.73866975348
96,235,218949.127931538
97,235,218953.88414042493
89,236,219883.82916814976
90,236,219878.8633730898
91,236,219877.94212542247
92,236,219875.05275181105
93,236,219875.9862635297
94,236,219875.50967854456
95,236,219878.64912944625
96,236,219880.4609898028
97,236,219886.14951995888
89,237,220818.1224103447
90,237,220814.0573700817
91,237,220811.6298964508
92,237,220809.49240531743
93,237,220808.97387142692
94,237,220809.19393504568
95,237,220810.67232051355
96,237,220813.34942338595
97,237,220817.31201047555
98,237,220822.04052790583
90,238,221748.12146472745
91,238,221746.4904185541
92,238,221742.9041066442
93,238,221743.05097252483
94,238,221741.7595230194
95,238,221744.01779633557
96,238,221745.0415782162
97,238,221749.81305801743
98,238,221752.873947638
90,239,222683.5902524796
91,239,222680.4278300019
92,239,222677.6631452595
93,239,222676.40148214097
94,239,222675.67869674411
95,239,222676.48083705505
96,239,222678.23743931844
97,239,222681.3397627281
98,239,222685.2920922047
99,239,222690.7208398336
91,240,223615.59481366488
92,240,223611.3000772027
93,240,223610.9008080911
94,240,223608.70989856543
95,240,223610.09468936888
96,240,223610.30880167172
97,240,223614.24880468685
98,240,223616.57329885027
99,240,223622.8101669822
91,241,224549.8191252962
92,241,224546.2757217306
93,241,224544.39379718216
94,241,224543.03379716276
95,241,224543.0130173923
96,241,224543.78045209596
97,241,224546.05961509884
98,241,224549.40554191472
99,241,224553.9717260048
100,241,224559.2989407765
92,242,225480.1926403081
93,242,225478.98966038655
94,242,225476.2896604576
95,242,225477.04079774045
96,242,225476.37648315995
97,242,225479.32448780467
98,242,225480.9597666872
99,242,225486.3740351718
100,242,225489.9723968894
92,243,226415.54685428567
93,243,226412.87253471764
94,243,226410.82144804567
95,243,226410.24189197656
96,243,226410.24882229272
97,243,226411.75651629103
98,243,226414.05646372185
99,243,226417.8131794369
100,243,226422.38308950333
93,244,227347.8010558904
94,244,227344.36701066396
95,244,227344.4401245675
96,244,227343.0128240992
97,244,227345.27481500836
98,244,227346.03908542648
99,244,227350.58622325663
100,244,227353.52508714976
101,244,227360.15825665303
93,245,228281.90520478247
94,245,228279.2332642504
95,245,228277.9555086398
96,245,228277.059616242
97,245,228277.8688675789
98,245,228279.4402431715
99,245,228282.3700203396
100,245,228286.2468987939
101,245,228291.3794312982
94,246,229212.94396680052
95,246,229212.54326411957
96,246,229210.1661060741
97,246,229211.5161055728
98,246,229211.6394214196
99,246,229215.36799576628
100,246,229217.74038083595
101,246,229223.66437220832
94,247,230148.25330884423
95,247,230146.1965698661
96,247,230144.5764016809
97,247,230144.53281800327
98,247,230145.15268913723
99,247,230147.62168970672
100,247,230150.71617925103
101,247,230154.9786962637
95,248,231081.09994069807
96,248,231077.93014637605
97,248,231078.6684513961
98,248,231077.77534975464
99,248,231080.8363278671
100,248,231082.43519185067
101,248,231087.48533277016
102,248,231091.2262130855
95,249,232015.13515902663
96,249,232012.782197472
97,249,232011.8778340668
98,249,232011.7542341143
99,249,232013.2060347405
100,249,232015.55064451907
101,249,232019.2124530945
102,249,232023.81854704936
96,250,232946.5151916075
97,250,232946.47760954645
98,250,232944.69593984523
99,250,232946.7512871712
100,250,232947.5977964092
101,250,232951.9247439374
102,250,232955.09188536424
96,251,233881.66768774268
97,251,233880.24768739365
98,251,233879.15468711776
99,251,233879.53125292365
100,251,233880.9785143791
101,251,233883.98645508036
102,251,233887.8686551604
103,251,233892.849354126
96,252,234815.5697135925
97,252,234815.04807689515
98,252,234812.5484189918
99,252,234813.8084193933
100,252,234813.3304194687
101,252,234816.98092715768
102,252,234819.3851786406
103,252,234825.0504605669
97,253,235748.93611915552
98,253,235747.30947242884
99,253,235747.0183972887
100,253,235747.3534594433
101,253,235749.18110210443
102,253,235752.366607006
103,253,235756.53138234248
104,253,235761.6491506653
97,254,236683.89537963364
98,254,236680.84340906917
99,254,236681.4961647393
100,254,236680.40453469128
101,254,236682.9545705902
102,254,236684.2253250912
103,254,236689.1479006878
104,254,236692.702656372
98,255,237615.8049284205
99,255,237615.08535295236
100,255,237614.79658139712
101,255,237615.8381846229
102,255,237617.80804966655
103,255,237620.94342155557
104,255,237625.32572964128
105,255,237630.5905343081
98,256,238549.53089070696
99,256,238549.6752722929
100,256,238547.97501517623
101,256,238549.94633707663
102,256,238550.31326378157
103,256,238554.23682126825
104,256,238556.7122109558
105,256,238562.78791477255
99,257,239483.388193662
100,257,239482.57445811247
101,257,239482.9767927712
102,257,239484.231384918
103,257,239486.64935451455
104,257,239489.85070971973
105,257,239494.13860622072
99,258,240418.18071669576
100,258,240415.9050766036
101,258,240417.1687731737
102,258,240416.95580195112
103,258,240420.26074302645
104,258,240421.82276082927
105,258,240426.98612578845
106,258,240430.7745169605
100,259,241350.67710676717
101,259,241350.53645115765
102,259,241351.05190646017
103,259,241352.82326917903
104,259,241355.3392347497
105,259,241358.9635469616
106,259,241363.49167113408
100,260,242284.2326056329
101,260,242285.01599217308
102,260,242284.0761146237
103,260,242286.7429822389
104,260,242287.6148607188
105,260,242292.13912757425
106,260,242295.01412357425
107,260,242301.59006673732
101,261,243218.53888874524
102,261,243218.41593152375
103,261,243219.5178890469
104,261,243221.2789634135
105,261,243224.26850896925
106,261,243227.96573481345
107,261,243233.0401402228
101,262,244153.12182560604
102,262,244151.55598401983
103,262,244153.56055932827
104,262,244153.84745951177
105,262,244157.7075710722
106,262,244159.82390518003
107,262,244165.7069517976
102,263,245086.07837376397
103,263,245086.61770884923
104,263,245087.7056939609
105,263,245090.0586480636
106,263,245093.1437565308
107,263,245097.44446480164
108,263,245102.62636649344
102,264,246019.454094268
103,264,246020.8178016339
104,264,246020.5178605329
105,264,246023.7045018573
106,264,246025.22563172656
107,264,246030.4010129596
108,264,246034.00620252895
103,265,246954.17023478544
104,265,246954.6266668956
105,265,246956.31919167965
106,265,246958.7308299108
107,265,246962.3319861108
108,265,246966.83738462167
109,265,246972.56165434356
103,266,247889.09316699352
104,266,247887.5673796538
105,266,247890.17183716412
106,266,247891.0483731145
107,266,247895.53538020587
108,266,247898.5709173514
109,266,247905.1039232939
104,267,248822.36921762855
105,267,248822.9392920193
106,267,248824.73148667236
107,267,248827.6899119416
108,267,248831.5826257956
109,267,248836.716089794
110,267,248842.80526674155
104,268,249755.8949086831
105,268,249757.47938015132
106,268,249757.21856180264
107,268,249761.12617956236
108,268,249763.38691574885
109,268,249769.5701736007
110,268,249774.0674271272
105,269,250691.06189234607
106,269,250691.6058849019
107,269,250693.3906276021
108,269,250696.4068055057
109,269,250701.21331507424
110,269,250706.7482204285
105,270,251625.8050461925
106,270,251624.83908680824
107,270,251627.63729509196
108,270,251628.5194200069
109,270,251634.1167680684
110,270,251638.08923644735
106,271,252559.5188990557
107,271,252560.7605806942
108,271,252562.5928295937
109,271,252566.0011665144
110,271,252570.854250788
106,272,253492.91604392408
107,272,253495.18330056933
108,272,253495.4003386952
109,272,253499.87709935143
110,272,253502.47876237947
111,272,253509.16875302303
106,273,254427.81009981505
107,273,254428.57299348488
108,273,254429.6572526201
109,273,254432.6724990297
110,273,254436.17491685477
111,273,254440.7746347325
107,274,255363.1456839105
108,274,255362.7898531634
109,274,255366.63319783
110,274,255368.58095199813
111,274,255373.99572721543
107,275,256296.6583340476
108,275,256297.36999554184
109,275,256299.64470414
110,275,256302.5444452808
111,275,256306.2732161728
107,276,257231.32231089525
108,276,257230.5575542372
109,276,257233.684579939
110,276,257234.91135767192
111,276,257239.75885298089
112,276,257242.73218215583
107,277,258164.9663017008
108,277,258165.24109246104
109,277,258166.87400162252
110,277,258168.9586854237
111,277,258172.27387293425
112,277,258176.1982575878
107,278,259099.73087991157
108,278,259098.58048469503
109,278,259101.1271895711
110,278,259101.61156650435
111,278,259105.8806039757
112,278,259108.20281877305
113,278,259114.38980260128
108,279,260033.3543778468
109,279,260034.4395684761
110,279,260035.8787268644
111,279,260038.5763337849
112,279,260041.8756858957
113,279,260046.3142552937
108,280,260966.76828960903
109,280,260968.85856237487
110,280,260968.668537578
111,280,260972.2352284961
112,280,260974.0032043025
113,280,260979.58844294056
109,281,261902.24266632585
110,281,261903.11547629972
111,281,261905.17594125436
112,281,261907.7897137057
113,281,261911.6526197485
109,282,262836.79206939886
110,282,262836.12698260974
111,282,262839.0788874204
112,282,262840.16314655554
113,282,262845.06560001656
110,283,263770.6605502831
111,283,263772.2105564695
112,283,263774.1676255787
113,283,263777.39432114945
110,284,264703.78476737946
111,284,264706.2951439855
112,284,264706.7403981664
113,284,264710.9162862275
114,284,264713.10436587414
111,285,265639.5488387621
112,285,265640.9050941752
113,285,265643.58686569607
114,285,265646.751151162
111,286,266573.82345107495
112,286,266573.7629039583
113,286,266577.2699792539
114,286,266578.9187238152
112,287,267508.1772403865
113,287,267510.2619241877
114,287,267512.73597252375
115,287,267516.55509834364
112,288,268441.2315954252
113,288,268444.2710606814
114,288,268445.2183901835
115,288,268449.96714711766
113,289,269377.3459085904
114,289,269379.2610604649
115,289,269382.47844109463
116,289,269386.25285519764
113,290,270311.60468550347
114,290,270312.02013187314
115,290,270316.0814461597
116,290,270318.3170320055
114,291,271246.28356625675
115,291,271248.9634747894
116,291,271252.02715889225
117,291,271256.4368519731
115,292,272182.8775988847
116,292,272184.41083817725
117,292,272189.89920142863
116,293,273118.3398661781
117,293,273122.1999777385
118,293,273126.57427404344
117,294,274055.66232719406
118,294,274058.58628718153
118,295,274992.1287451299
